site,description,latlong,sharelink,Locality,Segment.ASSET_ID,Segment.ROAD_NAME,Segment.SUBURB
Site 1,Acacia Street off Fraser Drive,"-28.196326,153.521904",https://tweednswgovau.sharepoint.com/sites/Traffic/Traffic Monitoring Reports/Site 1,Tweed Heads,RD.2.10.A.1,Acacia Street,Tweed Heads South
Site 225,Kings Street east of Factory Lane,"-28.329005, 153.397571",https://tweednswgovau.sharepoint.com/sites/Traffic/Traffic Monitoring Reports/Site 225,Murwillumbah,RD.690.10.A,King Street,Murwillumbah
Site 789,M.R.450 Coast Road north of Morton Street,"-28.246199, 153.554093",https://tweednswgovau.sharepoint.com/sites/Traffic/Traffic Monitoring Reports/Site 789,Chinderah,RD.2184.380.A.1,Tweed Coast Road,Chinderah
Site 2,ADVOCATE PLACE off  LEISURE DRIVE,"-28.213559, 153.535877",https://tweednswgovau.sharepoint.com/sites/Traffic/Traffic Monitoring Reports/Site 2,Banora Point,RD.7.10.A,Advocate Place,Banora Point
Site 544,Minjungbal Drive south of Shallow Bay Drive,"-28.206619, 153.544616",https://tweednswgovau.sharepoint.com/sites/Traffic/Traffic Monitoring Reports/Site 544,Tweed Heads,RD.827.25.B,Minjungbal Drive,Tweed Heads South
Site 340,Minjungbal Drive south of Boyds Bay Bridge,"-28.186519,153.53938",https://tweednswgovau.sharepoint.com/sites/Traffic/Traffic Monitoring Reports/Site 340,Tweed Heads,RD.827.120.C,Minjungbal Drive,Tweed Heads South
Site 3,AMAROO DRIVE off FRASER DRIVE,"-28.223984, 153.526767",https://tweednswgovau.sharepoint.com/sites/Traffic/Traffic Monitoring Reports/Site 3,Banora Point,RD.23.40.A.2,Amaroo Drive,Banora Point
Site 633,Dulguigan Road at No 809,"-28.266115,153.447459",https://tweednswgovau.sharepoint.com/sites/Traffic/Traffic Monitoring Reports/Site 633,North Tumbulgum,RD.422.120.A,Dulguigan Road,North Tumbulgum
Site 761,Charles Street at No 27 Murwillumbah,"-28.179862,153.535893",https://tweednswgovau.sharepoint.com/sites/Traffic/Traffic Monitoring Reports/Site 761,Tweed Heads,RD.249.30.A,Charles Street,Tweed Heads
Site 4,AMAROO DRIVE at No 4,"-28.223844, 153.530252",https://tweednswgovau.sharepoint.com/sites/Traffic/Traffic Monitoring Reports/Site 4,Banora Point,RD.23.10.A,Amaroo Drive,Banora Point
Site 412,Riverside Drive at No 88,"-28.2733046155346,153.461713015184",https://tweednswgovau.sharepoint.com/sites/Traffic/Traffic Monitoring Reports/Site 412,Tumbulgum,RD.1124.40.A.1,Riverside Drive,Tumbulgum
Site 101,CRABS CREEK ROAD off TWEED VALLEY WAY M.R.679,"-28.456924, 153.498308",https://tweednswgovau.sharepoint.com/sites/Traffic/Traffic Monitoring Reports/Site 101,Crabbes Creek,RD.355.10.A,Crabbes Creek Road,Crabbes Creek
Site 5,AMBER ROAD off MACHINERY DRIVE,"-28.202272, 153.541354",https://tweednswgovau.sharepoint.com/sites/Traffic/Traffic Monitoring Reports/Site 5,Tweed Heads,RD.24.10.A,Amber Road,Tweed Heads South
Site 102,CRABS CREEK ROAD at No 38,"-28.456044, 153.4948",https://tweednswgovau.sharepoint.com/sites/Traffic/Traffic Monitoring Reports/Site 102,Crabbes Creek,RD.355.15.A.1,Crabbes Creek Road,Crabbes Creek
Site 103,CRANNEYS ROAD off HOGAN'S ROAD,"-28.255453, 153.442399",https://tweednswgovau.sharepoint.com/sites/Traffic/Traffic Monitoring Reports/Site 103,North Tumbulgum,RD.605.30.A,Hogans Road,Upper Duroby
Site 6,AMBER ROAD north of INDUSTRY DRIVE,"-28.200565, 153.541631",https://tweednswgovau.sharepoint.com/sites/Traffic/Traffic Monitoring Reports/Site 6,Tweed Heads,RD.24.10.A,Amber Road,Tweed Heads South
Site 104,CREEK STREET at No 2,"-28.35667, 153.573044",https://tweednswgovau.sharepoint.com/sites/Traffic/Traffic Monitoring Reports/Site 104,Hastings Point,RD.358.10.A,Creek Street,Hastings Point
Site 105,CRESCENT STREET off TWEED COAST ROAD,"-28.258113, 153.558794",https://tweednswgovau.sharepoint.com/sites/Traffic/Traffic Monitoring Reports/Site 105,Cudgen,RD.359.40.A,Crescent Street,Cudgen
Site 7,ANNE STREET west of OVERALL DRIVE,"-28.391936, 153.564638",https://tweednswgovau.sharepoint.com/sites/Traffic/Traffic Monitoring Reports/Site 7,Pottsville,RD.32.10.A,Anne Street,Pottsville
Site 106,CRESCENT STREET at No 9,"-28.263076, 153.557188",https://tweednswgovau.sharepoint.com/sites/Traffic/Traffic Monitoring Reports/Site 106,Cudgen,RD.359.10.A,Crescent Street,Cudgen
Site 107,CUDGEN ROAD east of TWEED VALLEY WAY,"-28.275233, 153.508951",https://tweednswgovau.sharepoint.com/sites/Traffic/Traffic Monitoring Reports/Site 107,Stotts Creek,RD.365.180.A,Cudgen Road,Stotts Creek
Site 8,ASH DRIVE off DARLINGTON DRIVE,"-28.218963, 153.532113",https://tweednswgovau.sharepoint.com/sites/Traffic/Traffic Monitoring Reports/Site 8,Banora Point,RD.38.60.A,Ash Drive,Banora Point
Site 108,CUDGEN ROAD north of DURANBAH ROAD,"-28.280183, 153.522598",https://tweednswgovau.sharepoint.com/sites/Traffic/Traffic Monitoring Reports/Site 108,Duranbah,RD.365.130.A,Cudgen Road,Duranbah
Site 109,CUDGEN ROAD west of CRESCENT STREET,"-28.264008, 153.556673",https://tweednswgovau.sharepoint.com/sites/Traffic/Traffic Monitoring Reports/Site 109,Cudgen,RD.365.80.A,Cudgen Road,Cudgen
Site 9,BEACH STREET west of KINGSCLIFF STREET,"-28.25036, 153.5696",https://tweednswgovau.sharepoint.com/sites/Traffic/Traffic Monitoring Reports/Site 9,Kingscliff,RD.91.20.A,Beach Street,Kingscliff
Site 11,BANKSIA  AVE west of HASTINGS ROAD,"-28.334286, +153.569848",https://tweednswgovau.sharepoint.com/sites/Traffic/Traffic Monitoring Reports/Site 11,Bogangar,RD.72.20.A,Banksia Avenue,Bogangar
Site 111,CUDGEN ROAD at TAFE COLLEGE Special,"-28.263988, 153.556725",https://tweednswgovau.sharepoint.com/sites/Traffic/Traffic Monitoring Reports/Site 111,Cudgen,RD.365.70.A,Cudgen Road,Cudgen
Site 10,BEACH STREET east of KINGSCLIFF STREET,"-28.250158,153.570424",https://tweednswgovau.sharepoint.com/sites/Traffic/Traffic Monitoring Reports/Site 10,Kingscliff,RD.91.10.A,Beach Street,Kingscliff
Site 112,CUDGEN ROAD east of TARFFIC LIGHTS (SLSC),"-28.266923, 153.563346",https://tweednswgovau.sharepoint.com/sites/Traffic/Traffic Monitoring Reports/Site 112,Cudgen,RD.365.45.A,Cudgen Road,Cudgen
Site 113,CUDGERA AVENUE west of the SCHOOL,"-28.376212, 153.566902",https://tweednswgovau.sharepoint.com/sites/Traffic/Traffic Monitoring Reports/Site 113,Pottsville,RD.369.20.A,Cudgera Avenue,Pottsville
Site 114,CUDGERA  CREEK ROAD west of MOTORWAY,"-28.389653, 153.521409",https://tweednswgovau.sharepoint.com/sites/Traffic/Traffic Monitoring Reports/Site 114,Cudgera Creek,RD.371.110.A,Cudgera Creek Road,Cudgera Creek
Site 115,CUDGERA  CREEK ROAD west of RESERVE CK ROAD,"-28.390794, 153.51582",https://tweednswgovau.sharepoint.com/sites/Traffic/Traffic Monitoring Reports/Site 115,Cudgera Creek,RD.371.85.A,Cudgera Creek Road,Cudgera Creek
Site 12,BANKSIA  AVE near No 15,"-28.33426, 153.568057",https://tweednswgovau.sharepoint.com/sites/Traffic/Traffic Monitoring Reports/Site 12,Bogangar,RD.72.20.A,Banksia Avenue,Bogangar
Site 116,CUNNINGHAM STREET east of PROWSE STREET,"-28.193377, 153.535237",https://tweednswgovau.sharepoint.com/sites/Traffic/Traffic Monitoring Reports/Site 116,Tweed Heads,RD.378.25.A,Cunningham Street,Tweed Heads South
Site 117,DARLINGTON DRIVE north of LAURA STREET,"-28.215231, 153.546729",https://tweednswgovau.sharepoint.com/sites/Traffic/Traffic Monitoring Reports/Site 117,Banora Point,RD.730.10.A.1,Laura Street,Banora Point
Site 13,BANORA HILLS DRIVE just off TERRANORA ROAD,"-28.225759, 153.543816",https://tweednswgovau.sharepoint.com/sites/Traffic/Traffic Monitoring Reports/Site 13,Banora Point,RD.76.10.B,Banora Hills Drive,Banora Point
Site 118,DARLINGTON DRIVE north of LEISURE DRIVE,"-28.213687, 153.542349",https://tweednswgovau.sharepoint.com/sites/Traffic/Traffic Monitoring Reports/Site 118,Banora Point,RD.388.15.C,Darlington Drive,Banora Point
Site 119,DARLINGTON DRIVE south of LEISURE - DARLINGTON DRIVE,"-28.215394, 153.542021",https://tweednswgovau.sharepoint.com/sites/Traffic/Traffic Monitoring Reports/Site 119,Banora Point,RD.388.20.A.1,Darlington Drive,Banora Point
Site 14,BANORA HILLS DRIVE near No 3,"-28.225759, 153.543816",https://tweednswgovau.sharepoint.com/sites/Traffic/Traffic Monitoring Reports/Site 14,Banora Point,RD.76.10.B,Banora Hills Drive,Banora Point
Site 121,DARLINGTON DRIVE south of AMAROO DRIVE,"-28.221394, 153.533583",https://tweednswgovau.sharepoint.com/sites/Traffic/Traffic Monitoring Reports/Site 121,Banora Point,RD.388.100.A,Darlington Drive,Banora Point
Site 15,BARNBY STREET sth of BAKER STREET,"-28.330278, 153.381814",https://tweednswgovau.sharepoint.com/sites/Traffic/Traffic Monitoring Reports/Site 15,Murwillumbah,RD.81.10.A,Barnby Street,Murwillumbah
Site 123,DARLINGTON DRIVE north of AMAROO DRIVE,"-28.220522, 153.532753",https://tweednswgovau.sharepoint.com/sites/Traffic/Traffic Monitoring Reports/Site 123,Banora Point,RD.388.100.A,Darlington Drive,Banora Point
Site 124,DARLINGTON DRIVE south of CROMER COURT,"-28.213875, 153.533566",https://tweednswgovau.sharepoint.com/sites/Traffic/Traffic Monitoring Reports/Site 124,Banora Point,RD.388.120.A,Darlington Drive,Banora Point
Site 16,BARNBY STREET sth of FRANCES STREET,"-28.325419, 153.382684",https://tweednswgovau.sharepoint.com/sites/Traffic/Traffic Monitoring Reports/Site 16,Murwillumbah,RD.81.40.A,Barnby Street,Murwillumbah
Site 125,DIANELLA DRIVE off M.R.450 Special,"-28.213799, 153.53358",https://tweednswgovau.sharepoint.com/sites/Traffic/Traffic Monitoring Reports/Site 125,Banora Point,RD.388.120.A,Darlington Drive,Banora Point
Site 126,DIANELLA DRIVE off M.R.450,"-28.295763, 153.5698",https://tweednswgovau.sharepoint.com/sites/Traffic/Traffic Monitoring Reports/Site 126,Casuarina,RD.398.20.A,Dianella Drive,Casuarina
Site 17,BARNEYS PT BRIDGE beyond BARNEYS PT BRIDGE Special,"-28.224776,153.555342",https://tweednswgovau.sharepoint.com/sites/Traffic/Traffic Monitoring Reports/Site 17,Banora Point,RD.2631.10.A,Barneys Point Road,Banora Point
Site 127,DOON DOON ROAD off KYOGLE ROAD M.R.142,"-28.463721, 153.267328",https://tweednswgovau.sharepoint.com/sites/Traffic/Traffic Monitoring Reports/Site 127,Kunghur,RD.407.10.A,Doon Doon Road,Kunghur
Site 18,BARRETT STREET just off KENNEDY DRIVE,"-28.187177, 153.523357",https://tweednswgovau.sharepoint.com/sites/Traffic/Traffic Monitoring Reports/Site 18,Tweed Heads,RD.84.20.A,Barrett Street,Tweed Heads West
Site 128,DOON DOON ROAD AT No 574,"-28.487295, 153.299703",https://tweednswgovau.sharepoint.com/sites/Traffic/Traffic Monitoring Reports/Site 128,Doon Doon,RD.407.80.A,Doon Doon Road,Doon Doon
Site 129,DOON DOON ROAD past COSTELLO'S ROAD,"-28.505587, 153.305865",https://tweednswgovau.sharepoint.com/sites/Traffic/Traffic Monitoring Reports/Site 129,Doon Doon,RD.407.120.A,Doon Doon Road,Doon Doon
Site 19,BARTLETTS ROAD off TWEED VALLEY WAY,"-28.295561, 153.460799",https://tweednswgovau.sharepoint.com/sites/Traffic/Traffic Monitoring Reports/Site 19,Eviron,RD.86.10.A,Bartletts Road,Eviron
Site 131,DOYLE DRIVE off GREENWAY DRIVE,"-28.210185, 153.535382",https://tweednswgovau.sharepoint.com/sites/Traffic/Traffic Monitoring Reports/Site 131,Banora Point,RD.416.10.A,Doyle Drive,Banora Point
Site 20,BASALT LANE about halfway along,"-28.200362,153.542659",https://tweednswgovau.sharepoint.com/sites/Traffic/Traffic Monitoring Reports/Site 20,Tweed Heads,RD.1507.10.A,Basalt Lane,Tweed Heads South
Site 132,DRY DOCK ROAD at No 24,"-28.189501, 153.538559",https://tweednswgovau.sharepoint.com/sites/Traffic/Traffic Monitoring Reports/Site 132,Tweed Heads,RD.418.20.A,Dry Dock Road,Tweed Heads South
Site 133,DRY DOCK ROAD at No 130,"-28.193181, 153.525281",https://tweednswgovau.sharepoint.com/sites/Traffic/Traffic Monitoring Reports/Site 133,Tweed Heads,RD.418.60.A.1,Dry Dock Road,Tweed Heads South
Site 21,BAY STREET west of WHARF STREET,"-28.17098, 153.542653",https://tweednswgovau.sharepoint.com/sites/Traffic/Traffic Monitoring Reports/Site 21,Tweed Heads,RD.90.30.B,Bay Street,Tweed Heads
Site 134,DUCAT STREET at No 97,"-28.184963, 153.526168",https://tweednswgovau.sharepoint.com/sites/Traffic/Traffic Monitoring Reports/Site 134,Tweed Heads,RD.419.10.A.1,Ducat Street,Tweed Heads
Site 135,DULGUIGAN ROAD off TOMEWIN ROAD M.R.143,"-28.29156, 153.385898",https://tweednswgovau.sharepoint.com/sites/Traffic/Traffic Monitoring Reports/Site 135,Kynnumboon,RD.422.260.A.1,Dulguigan Road,Urliup
Site 22,BAY STREET east of WHARF STREET,"-28.171218, 153.544019",https://tweednswgovau.sharepoint.com/sites/Traffic/Traffic Monitoring Reports/Site 22,Tweed Heads,RD.90.20.B.1,Bay Street,Tweed Heads
Site 136,DULGUIGAN ROAD south of QUARRY,"-28.27928, 153.43226",https://tweednswgovau.sharepoint.com/sites/Traffic/Traffic Monitoring Reports/Site 136,Dulguigan,RD.422.160.A,Dulguigan Road,Dulguigan
Site 137,DULGUIGAN ROAD at No 1039,"-28.270654, 153.461518",https://tweednswgovau.sharepoint.com/sites/Traffic/Traffic Monitoring Reports/Site 137,North Tumbulgum,RD.422.40.A,Dulguigan Road,North Tumbulgum
Site 23,BELTANA DRIVE off BILAMBIL ROAD.,"-28.234777, 153.483573",https://tweednswgovau.sharepoint.com/sites/Traffic/Traffic Monitoring Reports/Site 23,Bilambil,RD.99.10.A,Beltana Drive,Bilambil
Site 138,DULGUIGAN ROAD off TERRANORA ROAD M.R. 541,"-28.269441, 153.470465",https://tweednswgovau.sharepoint.com/sites/Traffic/Traffic Monitoring Reports/Site 138,North Tumbulgum,RD.422.10.A,Dulguigan Road,North Tumbulgum
Site 139,DUNGAY CK ROAD off M.R.143 TOMEWIN ROAD,"-28.283884, 153.374021",https://tweednswgovau.sharepoint.com/sites/Traffic/Traffic Monitoring Reports/Site 139,Upper Dungay,RD.427.10.A,Dungay Creek Road,Dungay
Site 24,BERYL STREET nth of FLORENCE STREET,"-28.175311, 153.540841",https://tweednswgovau.sharepoint.com/sites/Traffic/Traffic Monitoring Reports/Site 24,Tweed Heads,RD.107.10.A.1,Beryl Street,Tweed Heads
Site 141,DURANBAH ROAD off CUDGEN ROAD,"-28.281937, 153.52175",https://tweednswgovau.sharepoint.com/sites/Traffic/Traffic Monitoring Reports/Site 141,Duranbah,RD.429.10.A,Duranbah Road,Duranbah
Site 25,BILAMBIL ROAD up from SCHOOL,"-28.222171, 153.469391",https://tweednswgovau.sharepoint.com/sites/Traffic/Traffic Monitoring Reports/Site 25,Bilambil,RD.110.100.A,Bilambil Road,Bilambil Heights
Site 142,DURANBAH ROAD at No 101,"-28.286511, 153.519936",https://tweednswgovau.sharepoint.com/sites/Traffic/Traffic Monitoring Reports/Site 142,Duranbah,RD.429.20.A,Duranbah Road,Duranbah
Site 143,DURANBAH ROAD at No 202,"-28.293981, 153.518851",https://tweednswgovau.sharepoint.com/sites/Traffic/Traffic Monitoring Reports/Site 143,Duranbah,RD.429.40.A,Duranbah Road,Duranbah
Site 26,BILAMBIL ROAD BILAMBIL SPORTS GROUND,"-28.227089, 153.467109",https://tweednswgovau.sharepoint.com/sites/Traffic/Traffic Monitoring Reports/Site 26,Bilambil,RD.110.80.A,Bilambil Road,Bilambil
Site 144,DURANBAH ROAD at No 213,"-28.295677, 153.519073",https://tweednswgovau.sharepoint.com/sites/Traffic/Traffic Monitoring Reports/Site 144,Duranbah,RD.429.50.A,Duranbah Road,Duranbah
Site 145,DURANBAH ROAD east of EVIRON ROAD,"-28.302657, 153.520749",https://tweednswgovau.sharepoint.com/sites/Traffic/Traffic Monitoring Reports/Site 145,Duranbah,RD.429.70.A,Duranbah Road,Duranbah
Site 27,BILAMBIL ROAD north of GLADIOLI AVE,"-28.243219, 153.490685",https://tweednswgovau.sharepoint.com/sites/Traffic/Traffic Monitoring Reports/Site 27,Terranora,RD.110.20.A,Bilambil Road,Terranora
Site 146,EAGLEMONT DRIVE at No 4,"-28.235752, 153.503474",https://tweednswgovau.sharepoint.com/sites/Traffic/Traffic Monitoring Reports/Site 146,Terranora,RD.438.10.A,Eaglemont Drive,Terranora
Site 28,BILAMBIL ROAD near BAANYA PLACE,"-28.231046, 153.474057",https://tweednswgovau.sharepoint.com/sites/Traffic/Traffic Monitoring Reports/Site 28,Bilambil,RD.110.60.A,Bilambil Road,Bilambil
Site 147,EASTLAKES DRIVE at No 2,"-28.205779, 153.549248",https://tweednswgovau.sharepoint.com/sites/Traffic/Traffic Monitoring Reports/Site 147,Tweed Heads,RD.439.10.A,Eastlakes Drive,Tweed Heads South
Site 148,EDEN STREET down hill section,"-28.205815, 153.549279",https://tweednswgovau.sharepoint.com/sites/Traffic/Traffic Monitoring Reports/Site 148,Tweed Heads,RD.439.10.A,Eastlakes Drive,Tweed Heads South
Site 29,BIMBADEEN AVENUE at No 8,"-28.224283, 153.551697",https://tweednswgovau.sharepoint.com/sites/Traffic/Traffic Monitoring Reports/Site 29,Banora Point,RD.113.20.A,Bimbadeen Avenue,Banora Point
Site 149,ELANORA AVENUE south of ELFRAN AVE,"-28.379929, 153.569341",https://tweednswgovau.sharepoint.com/sites/Traffic/Traffic Monitoring Reports/Site 149,Pottsville,RD.448.30.A,Elanora Avenue,Pottsville
Site 30,BIONE AVENUE off OYSTER PT ROAD,"-28.215671,153.551826",https://tweednswgovau.sharepoint.com/sites/Traffic/Traffic Monitoring Reports/Site 30,Banora Point,RD.115.10.A,Bione Avenue,Banora Point
Site 151,ELROND DRIVE south of BEACH STREET,"-28.257728, 153.569109",https://tweednswgovau.sharepoint.com/sites/Traffic/Traffic Monitoring Reports/Site 151,Kingscliff,RD.458.10.A,Elrond Drive,Kingscliff
Site 152,ENID STREET at No 50,"-28.175008, 153.539831",https://tweednswgovau.sharepoint.com/sites/Traffic/Traffic Monitoring Reports/Site 152,Tweed Heads,RD.463.10.A.1,Enid Street,Tweed Heads
Site 31,BIONE AVENUE in front of No28,"-28.217026, 153.549296",https://tweednswgovau.sharepoint.com/sites/Traffic/Traffic Monitoring Reports/Site 31,Banora Point,RD.115.20.A,Bione Avenue,Banora Point
Site 153,EUCALYPTUS DRIVE south of LEISURE DRIVE,"-28.215052, 153.525643",https://tweednswgovau.sharepoint.com/sites/Traffic/Traffic Monitoring Reports/Site 153,Banora Point,RD.466.10.A,Eucalyptus Drive,Banora Point
Site 154,EVIRON ROAD off CLOTHIERS CK RD,"-28.310727, 153.446789",https://tweednswgovau.sharepoint.com/sites/Traffic/Traffic Monitoring Reports/Site 154,Eviron,RD.474.190.A,Eviron Road,Eviron
Site 32,BLACKWOODS ROAD off NUMINBAH ROAD,"-28.319554, 153.348226",https://tweednswgovau.sharepoint.com/sites/Traffic/Traffic Monitoring Reports/Site 32,Nobbys Creek,RD.121.10.A,Blackwoods Road,Nobbys Creek
Site 155,EVIRON ROAD at CEMETERY (northern end),"-28.305817, 153.518113",https://tweednswgovau.sharepoint.com/sites/Traffic/Traffic Monitoring Reports/Site 155,Duranbah,RD.474.20.A,Eviron Road,Duranbah
Site 156,EWING STREET at No 37,"-28.32293, 153.40068",https://tweednswgovau.sharepoint.com/sites/Traffic/Traffic Monitoring Reports/Site 156,Murwillumbah,RD.478.20.A,Ewing Street,Murwillumbah
Site 33,BOOMERANG STREET off SEAVIEW STREET,"-28.257737, 153.57757",https://tweednswgovau.sharepoint.com/sites/Traffic/Traffic Monitoring Reports/Site 33,Kingscliff,RD.134.10.A,Boomerang Street,Kingscliff
Site 157,FACTORY LANE north of KING STREET,"-28.328879, 153.397479",https://tweednswgovau.sharepoint.com/sites/Traffic/Traffic Monitoring Reports/Site 157,Murwillumbah,RD.1691.20.A,Factory Lane,Murwillumbah
Site 158,FARRANT'S ROAD off EVIRON ROAD,"-28.311507, 153.497883",https://tweednswgovau.sharepoint.com/sites/Traffic/Traffic Monitoring Reports/Site 158,Eviron,RD.483.60.A,Farrants Road,Eviron
Site 34,BOTANICAL CIRCUIT at No 165,"-28.21296, 153.517827",https://tweednswgovau.sharepoint.com/sites/Traffic/Traffic Monitoring Reports/Site 34,Banora Point,RD.146.80.A,Botanical Circuit,Banora Point
Site 159,FARRANT'S ROAD CLOTHIERS CK ROAD,"-28.325952, 153.474518",https://tweednswgovau.sharepoint.com/sites/Traffic/Traffic Monitoring Reports/Site 159,Farrants Hill,RD.483.10.A,Farrants Road,Eviron
Site 35,BOUNDARY STREET east of TWIN TOWNS R.S.L,"-28.167148, 153.546046",https://tweednswgovau.sharepoint.com/sites/Traffic/Traffic Monitoring Reports/Site 35,Tweed Heads,RD.153.30.A,Boundary Street,Tweed Heads
Site 161,FEDERATION DRIVE at No 18,"-28.239205, 153.497445",https://tweednswgovau.sharepoint.com/sites/Traffic/Traffic Monitoring Reports/Site 161,Terranora,RD.488.10.A,Federation Drive,Terranora
Site 162,FIRESTONE DRIVE off LEISURE DRIVE,"-28.213897, 153.527869",https://tweednswgovau.sharepoint.com/sites/Traffic/Traffic Monitoring Reports/Site 162,Banora Point,RD.495.10.A,Firestone Drive,Banora Point
Site 36,BOYD STREET north of WHARF STREET,"-28.179893, 153.539479",https://tweednswgovau.sharepoint.com/sites/Traffic/Traffic Monitoring Reports/Site 36,Tweed Heads,RD.155.10.A.1,Boyd Street,Tweed Heads
Site 163,FINGAL ROAD north of CHINDERAH BAY DRIVE Special,"-28.224581, 153.557488",https://tweednswgovau.sharepoint.com/sites/Traffic/Traffic Monitoring Reports/Site 163,Fingal,RD.493.10.A.1,Fingal Road,Fingal Head
Site 37,BOYD STREET at No 9 Boyd Street,"-28.176325, 153.540103",https://tweednswgovau.sharepoint.com/sites/Traffic/Traffic Monitoring Reports/Site 37,Tweed Heads,RD.155.20.A,Boyd Street,Tweed Heads
Site 164,FINGAL ROAD north of CHINDERAH BAY DRIVE,"-28.224648, 153.557427",https://tweednswgovau.sharepoint.com/sites/Traffic/Traffic Monitoring Reports/Site 164,Fingal,RD.493.10.A.1,Fingal Road,Fingal Head
Site 165,FINGAL ROAD off ramp from MOTORWAY,"-28.22601, 153.557566",https://tweednswgovau.sharepoint.com/sites/Traffic/Traffic Monitoring Reports/Site 165,Chinderah,RD.493.05.R,Fingal Road,Fingal Head
Site 38,BRAYS CK ROAD south of TYALGUM,"-28.360443, 153.207167",https://tweednswgovau.sharepoint.com/sites/Traffic/Traffic Monitoring Reports/Site 38,Tyalgum,RD.164.20.A,Brays Creek Road,Tyalgum
Site 166,FLORIN LANE west of MYRTLE STREET,"-28.330357, 153.388905",https://tweednswgovau.sharepoint.com/sites/Traffic/Traffic Monitoring Reports/Site 166,Murwillumbah,RD.507.10.A,Florin Lane,Murwillumbah
Site 167,FLORENCE STREET at No 17,"-28.175417, 153.539171",https://tweednswgovau.sharepoint.com/sites/Traffic/Traffic Monitoring Reports/Site 167,Tweed Heads,RD.506.40.A,Florence Street,Tweed Heads
Site 39,BRETT STREET east of WHARF STREET,"-28.177888, 153.542005",https://tweednswgovau.sharepoint.com/sites/Traffic/Traffic Monitoring Reports/Site 39,Tweed Heads,RD.167.15.A,Brett Street,Tweed Heads
Site 168,FLORENCE STREET at No 29,"-28.17568, 153.541047",https://tweednswgovau.sharepoint.com/sites/Traffic/Traffic Monitoring Reports/Site 168,Tweed Heads,RD.506.30.A,Florence Street,Tweed Heads
Site 169,FRANCES STREET east of WHARF STREET,"-28.173685, 153.54341",https://tweednswgovau.sharepoint.com/sites/Traffic/Traffic Monitoring Reports/Site 169,Tweed Heads,RD.514.30.B,Frances Street,Tweed Heads
Site 40,BRISBANE STREET north of CONDONG STREET,"-28.330682,153.395241",https://tweednswgovau.sharepoint.com/sites/Traffic/Traffic Monitoring Reports/Site 40,Murwillumbah,RD.170.20.A,Brisbane Street,Murwillumbah
Site 171,FRASER DRIVE at No 25,"-28.197924, 153.522044",https://tweednswgovau.sharepoint.com/sites/Traffic/Traffic Monitoring Reports/Site 171,Tweed Heads,RD.518.110.A,Fraser Drive,Tweed Heads South
Site 41,BROADWATER ESP. just off TERRANORA PARADE,"-28.213829, 153.490408",https://tweednswgovau.sharepoint.com/sites/Traffic/Traffic Monitoring Reports/Site 41,Bilambil Heights,RD.172.70.A,Broadwater Esplanade,Bilambil Heights
Site 172,FRASER DRIVE north of VINTAGE LAKES DRIVE,"-28.205598, 153.521715",https://tweednswgovau.sharepoint.com/sites/Traffic/Traffic Monitoring Reports/Site 172,Tweed Heads,RD.518.90.A.1,Fraser Drive,Tweed Heads South
Site 173,FRASER DRIVE north of LEISURE DRIVE,"-28.211929, 153.523233",https://tweednswgovau.sharepoint.com/sites/Traffic/Traffic Monitoring Reports/Site 173,Tweed Heads South,RD.518.70.A,Fraser Drive,Tweed Heads South
Site 42,BUCKINGHAM DRIVE east of EDWARD AVENUE,"-28.402833, 153.559816",https://tweednswgovau.sharepoint.com/sites/Traffic/Traffic Monitoring Reports/Site 42,Pottsville,RD.184.10.A,Buckingham Drive,Pottsville
Site 174,FRASER DRIVE south of LEISURE DRIVE,"-28.215544, 153.52214",https://tweednswgovau.sharepoint.com/sites/Traffic/Traffic Monitoring Reports/Site 174,Banora Point,RD.518.50.A,Fraser Drive,Banora Point
Site 175,FRASER DRIVE off TERANORA ROAD,"-28.232443, 153.526656",https://tweednswgovau.sharepoint.com/sites/Traffic/Traffic Monitoring Reports/Site 175,Banora Point,RD.518.10.A,Fraser Drive,Banora Point
Site 43A,BURRINGBAR ROAD off TWEED VALLEY WAY M.R.679,"-28.434145, 153.471957",https://tweednswgovau.sharepoint.com/sites/Traffic/Traffic Monitoring Reports/Site 43A,Burringbar,RD.173.10.A,Broadway,Burringbar
Site 176,GRASS  TREE CIRCUIT at No 12,"-28.341777, 153.568668",https://tweednswgovau.sharepoint.com/sites/Traffic/Traffic Monitoring Reports/Site 176,Bogangar,RD.551.10.A,Grass Tree Circuit,Bogangar
Site 177,GRAY STREET off KENNEDY DRIVE,"-28.187663, 153.519009",https://tweednswgovau.sharepoint.com/sites/Traffic/Traffic Monitoring Reports/Site 177,Tweed Heads,RD.554.10.A,Gray Street,Tweed Heads West
Site 43B,BROADWAY at No 5,"-28.434145,153.471957",https://tweednswgovau.sharepoint.com/sites/Traffic/Traffic Monitoring Reports/Site 43B,Burringbar,RD.173.10.A,Broadway,Burringbar
Site 178,GREENWAY DRIVE north of DARLINGTON DRIVE (north of Leisure Dr),"-28.212012, 153.53429",https://tweednswgovau.sharepoint.com/sites/Traffic/Traffic Monitoring Reports/Site 178,Banora Point,RD.558.50.A.1,Greenway Drive,Banora Point
Site 179,GREENWAY DRIVE under Motor Way,"-28.202997, 153.535998",https://tweednswgovau.sharepoint.com/sites/Traffic/Traffic Monitoring Reports/Site 179,Tweed Heads,RD.558.10.A,Greenway Drive,Tweed Heads South
Site 44,BURRINGBAR ROAD west of SCHOOL,"-28.436225, 153.465492",https://tweednswgovau.sharepoint.com/sites/Traffic/Traffic Monitoring Reports/Site 44,Burringbar,RD.189.10.A,Burringbar Road,Burringbar
Site 181,GLEN AYRE DRIVE at No 10,"-28.229344, 153.527273",https://tweednswgovau.sharepoint.com/sites/Traffic/Traffic Monitoring Reports/Site 181,Banora Point,RD.533.10.A,Glen Ayr Drive,Banora Point
Site 45,BURRINGBAR ROAD west of BINALONG COURT,"-28.442873, 153.445535",https://tweednswgovau.sharepoint.com/sites/Traffic/Traffic Monitoring Reports/Site 45,Burringbar,RD.189.70.A,Burringbar Road,Upper Burringbar
Site 182,GLENGARRIE ROAD off CAROOL ROAD,"-28.224709, 153.412951",https://tweednswgovau.sharepoint.com/sites/Traffic/Traffic Monitoring Reports/Site 182,Carool,RD.539.10.A,Glengarrie Road,Carool
Site 183,GEORGE STREET at No 12,"-28.321163, 153.399888",https://tweednswgovau.sharepoint.com/sites/Traffic/Traffic Monitoring Reports/Site 183,Murwillumbah,RD.526.40.A,George Street,Murwillumbah
Site 46,BYANGUM ROAD at No 24,"-28.32747, 153.391394",https://tweednswgovau.sharepoint.com/sites/Traffic/Traffic Monitoring Reports/Site 46,Murwillumbah,RD.196.30.A,Byangum Road,Murwillumbah
Site 184,GEORGE STREET east of TWEED STREET,"-28.321597, 153.402756",https://tweednswgovau.sharepoint.com/sites/Traffic/Traffic Monitoring Reports/Site 184,Murwillumbah,RD.526.20.A,George Street,Murwillumbah
Site 185,GOLLAN DRIVE at No 16,"-28.192688, 153.507632",https://tweednswgovau.sharepoint.com/sites/Traffic/Traffic Monitoring Reports/Site 185,Tweed Heads West,RD.547.30.A,Gollan Drive,Tweed Heads West
Site 47,BYANGUM ROAD at No 110,"-28.330233, 153.381569",https://tweednswgovau.sharepoint.com/sites/Traffic/Traffic Monitoring Reports/Site 47,Murwillumbah,RD.196.110.A,Byangum Road,Murwillumbah
Site 186,GULL PLACE off SCENIC DRIVE,"-28.195208, 153.504873",https://tweednswgovau.sharepoint.com/sites/Traffic/Traffic Monitoring Reports/Site 186,Tweed Heads West,RD.564.10.A,Gull Place,Tweed Heads West
Site 187,HALL DRIVE off BYANGUM ROAD,"-28.333222, 153.371643",https://tweednswgovau.sharepoint.com/sites/Traffic/Traffic Monitoring Reports/Site 187,Murwillumbah,RD.572.10.A,Hall Drive,Murwillumbah
Site 48,BYANGUM ROAD west of WILLIAM STREET,"-28.329147, 153.389002",https://tweednswgovau.sharepoint.com/sites/Traffic/Traffic Monitoring Reports/Site 48,Murwillumbah,RD.196.50.A,Byangum Road,Murwillumbah
Site 188,HILL STREET at No 22,"-28.167327, 153.548532",https://tweednswgovau.sharepoint.com/sites/Traffic/Traffic Monitoring Reports/Site 188,Tweed Heads,RD.600.10.A.1,Hill Street,Tweed Heads
Site 189,HAMMOND DRIVE off CLOTHIERS CREEK ROAD,"-28.326622, 153.473991",https://tweednswgovau.sharepoint.com/sites/Traffic/Traffic Monitoring Reports/Site 189,Clothiers Creek,RD.573.20.A,Hammond Drive,Clothiers Creek
Site 49,BYANGUM ROAD north of TREE STREET,"-28.333211, 153.372153",https://tweednswgovau.sharepoint.com/sites/Traffic/Traffic Monitoring Reports/Site 49,Murwillumbah,RD.196.150.A,Byangum Road,Murwillumbah
Site 191,HASTINGS ROAD at No 3,"-28.336322, 153.573536",https://tweednswgovau.sharepoint.com/sites/Traffic/Traffic Monitoring Reports/Site 191,Bogangar,RD.582.10.A,Hastings Road,Bogangar
Site 50,BYRRILL CREEK just off M.R.142,"-28.438033,153.280049",https://tweednswgovau.sharepoint.com/sites/Traffic/Traffic Monitoring Reports/Site 50,Byrrill Creek,RD.197.15.A.2,Byrrill Creek Road,Byrrill Creek
Site 192,HENRY LAWSON DRIVE south of ELIZA FRASER COURT,"-28.24005, 153.500895",https://tweednswgovau.sharepoint.com/sites/Traffic/Traffic Monitoring Reports/Site 192,Terranora,RD.591.10.A,Henry Lawson Drive,Terranora
Site 193,HILLCREST AVE at No 71,"-28.205796, 153.516957",https://tweednswgovau.sharepoint.com/sites/Traffic/Traffic Monitoring Reports/Site 193,Tweed Heads South,RD.601.10.A,Hillcrest Avenue,Tweed Heads South
Site 51,BYRRILL CREEK BRAY'S CREEK end,"-28.392563, 153.192989",https://tweednswgovau.sharepoint.com/sites/Traffic/Traffic Monitoring Reports/Site 51,Brays Creek,RD.197.120.A,Byrrill Creek Road,Brays Creek
Site 194,HILLCREST AVE at No 35,"-28.2015, 153.516824",https://tweednswgovau.sharepoint.com/sites/Traffic/Traffic Monitoring Reports/Site 194,Tweed Heads South,RD.601.30.A,Hillcrest Avenue,Tweed Heads South
Site 195,HILLCREST AVE at No 3,"-28.199876, 153.5165",https://tweednswgovau.sharepoint.com/sites/Traffic/Traffic Monitoring Reports/Site 195,Tweed Heads South,RD.601.40.A,Hillcrest Avenue,Tweed Heads South
Site 52,CALOOLA DRIVE off DUCAT STREET northern end,"-28.177689, 153.52815",https://tweednswgovau.sharepoint.com/sites/Traffic/Traffic Monitoring Reports/Site 52,Tweed Heads,RD.206.50.A,Caloola Drive,Tweed Heads
Site 196,HINDMARSH ROAD off CLOTHIERS CK ROAD,"-28.323272, 153.455604",https://tweednswgovau.sharepoint.com/sites/Traffic/Traffic Monitoring Reports/Site 196,Nunderi,RD.603.10.A.1,Hindmarsh Road,Nunderi
Site 197,HINDMARSH ROAD at No 47,"-28.326005, 153.456411",https://tweednswgovau.sharepoint.com/sites/Traffic/Traffic Monitoring Reports/Site 197,Nunderi,RD.603.10.A.1,Hindmarsh Road,Nunderi
Site 53,CALOOLA DRIVE off DUCAT STREET southern end,"-28.179868, 153.527203",https://tweednswgovau.sharepoint.com/sites/Traffic/Traffic Monitoring Reports/Site 53,Tweed Heads,RD.206.10.A,Caloola Drive,Tweed Heads
Site 198,HOGANS ROAD off DULGIGAN ROAD,"-28.264632, 153.450879",https://tweednswgovau.sharepoint.com/sites/Traffic/Traffic Monitoring Reports/Site 198,North Tumbulgum,RD.605.10.A,Hogans Road,North Tumbulgum
Site 199,HOGANS ROAD south of GUMBLETON ROAD,"-28.243856, 153.444369",https://tweednswgovau.sharepoint.com/sites/Traffic/Traffic Monitoring Reports/Site 199,North Tumbulgum,RD.605.50.A,Hogans Road,Upper Duroby
Site 54,CABARITA ROAD at No 48,"-28.331928, 153.564586",https://tweednswgovau.sharepoint.com/sites/Traffic/Traffic Monitoring Reports/Site 54,Bogangar,RD.201.10.A,Cabarita Road,Bogangar
Site 55,CABARITA ROAD near No 86,"-28.336878, 153.565888",https://tweednswgovau.sharepoint.com/sites/Traffic/Traffic Monitoring Reports/Site 55,Bogangar,RD.201.40.A,Cabarita Road,Bogangar
Site 201,HOGANS ROAD off BILAMBIL ROAD,"-28.227449, 153.464828",https://tweednswgovau.sharepoint.com/sites/Traffic/Traffic Monitoring Reports/Site 201,Bilambil,RD.605.80.A,Hogans Road,Bilambil
Site 202,HOLDEN STREET at No 19,"-28.194314, 153.531105",https://tweednswgovau.sharepoint.com/sites/Traffic/Traffic Monitoring Reports/Site 202,Tweed Heads,RD.609.10.A,Holden Street,Tweed Heads South
Site 56,CABARITA ROAD at No 99,"-28.335577, 153.566126",https://tweednswgovau.sharepoint.com/sites/Traffic/Traffic Monitoring Reports/Site 56,Bogangar,RD.201.30.A,Cabarita Road,Bogangar
Site 203,HONEYMYRTLE DRIVE at No 41,"-28.217725, 153.5301",https://tweednswgovau.sharepoint.com/sites/Traffic/Traffic Monitoring Reports/Site 203,Banora Point,RD.611.20.A,Honeymyrtle Drive,Banora Point
Site 204,HOPKINS CK ROAD off NUMINBAH ROAD,"-28.29684, 153.269418",https://tweednswgovau.sharepoint.com/sites/Traffic/Traffic Monitoring Reports/Site 204,Chillingham,RD.615.10.A,Hopkins Creek Road,Chillingham
Site 57,CAMPBELLS  ROAD off DUNGAY CREEK ROAD,"-28.28351, 153.372001",https://tweednswgovau.sharepoint.com/sites/Traffic/Traffic Monitoring Reports/Site 57,Dungay,RD.209.10.A,Campbells Road,Dungay
Site 205,HULLS ROAD off TWEED VALLEY WAY,"-28.450542, 153.503487",https://tweednswgovau.sharepoint.com/sites/Traffic/Traffic Monitoring Reports/Site 205,Crabbes Creek,RD.619.10.A,Hulls Road,Crabbes Creek
Site 206,HUNTER STREET at No 15,"-28.438916, 153.475859",https://tweednswgovau.sharepoint.com/sites/Traffic/Traffic Monitoring Reports/Site 206,Burringbar,RD.622.10.A,Hunter Street,Burringbar
Site 58,CANE ROAD off QUEENSLAND ROAD,"-28.313512, 153.392617",https://tweednswgovau.sharepoint.com/sites/Traffic/Traffic Monitoring Reports/Site 58,Tygalgah,RD.211.90.A,Cane Road,Tygalgah
Site 207,INLET DRIVE at No 1,"-28.190902, 153.507349",https://tweednswgovau.sharepoint.com/sites/Traffic/Traffic Monitoring Reports/Site 207,Tweed Heads West,RD.630.10.A,Inlet Drive,Tweed Heads West
Site 208,ISLAND DRIVE off KEITH COMPTON DRIVE,"-28.1842, 153.546051",https://tweednswgovau.sharepoint.com/sites/Traffic/Traffic Monitoring Reports/Site 208,Tweed Heads,RD.634.10.A,Island Drive,Tweed Heads
Site 59,CANE ROAD east of TUMBULGUM ROAD,"-28.312845, 153.428254",https://tweednswgovau.sharepoint.com/sites/Traffic/Traffic Monitoring Reports/Site 59,Tygalgah,RD.211.20.A,Cane Road,Tygalgah
Site 209,JAMES ROAD at No 17,"-28.197127, 153.518036",https://tweednswgovau.sharepoint.com/sites/Traffic/Traffic Monitoring Reports/Site 209,Tweed Heads,RD.1777.20.A,James Road,Tweed Heads South
Site 60,CARAMAR DRIVE off PIGGABEEN ROAD,"-28.190469,153.499797",https://tweednswgovau.sharepoint.com/sites/Traffic/Traffic Monitoring Reports/Site 60,Tweed Heads West,RD.1585.10.A,Carramar Drive,Tweed Heads West
Site 211,KEITH COMPTON DRIVE south of BRETT STREET,"-28.17883, 153.543365",https://tweednswgovau.sharepoint.com/sites/Traffic/Traffic Monitoring Reports/Site 211,Tweed Heads,RD.669.60.A.1,Keith Compton Drive,Tweed Heads
Site 212,KEITH COMPTON DRIVE south of FLORENCE STREET,"-28.176119, 153.54653",https://tweednswgovau.sharepoint.com/sites/Traffic/Traffic Monitoring Reports/Site 212,Tweed Heads,RD.669.10.A,Keith Compton Drive,Tweed Heads
Site 61,CAROOL ROAD west of BILAMBIL STORE,"-28.224231, 153.466231",https://tweednswgovau.sharepoint.com/sites/Traffic/Traffic Monitoring Reports/Site 61,Carool,RD.220.10.A,Carool Road,Bilambil
Site 213,KENNEDY DRIVE under BOYD'S BAY BRIDGE,"-28.182492, 153.537363",https://tweednswgovau.sharepoint.com/sites/Traffic/Traffic Monitoring Reports/Site 213,Tweed Heads,RD.675.20.A,Kennedy Drive,Tweed Heads
Site 214,KENNEDY DRIVE access to WHARF STREET,"-28.182384, 153.537291",https://tweednswgovau.sharepoint.com/sites/Traffic/Traffic Monitoring Reports/Site 214,Tweed Heads,RD.1422.30.A,Wharf Street,Tweed Heads
Site 62,CAROOL ROAD west of the SCHOOL,"-28.229734, 153.428656",https://tweednswgovau.sharepoint.com/sites/Traffic/Traffic Monitoring Reports/Site 62,Carool,RD.220.60.A,Carool Road,Carool
Site 215,KENNEDY DRIVE exit from BOYD'S BAY BRIDGE,"-28.182864, 153.536774",https://tweednswgovau.sharepoint.com/sites/Traffic/Traffic Monitoring Reports/Site 215,Tweed Heads,RD.675.20.A,Kennedy Drive,Tweed Heads
Site 216,KENNEDY DRIVE east of SECOND AVENUE,"-28.182956, 153.536387",https://tweednswgovau.sharepoint.com/sites/Traffic/Traffic Monitoring Reports/Site 216,Tweed Heads,RD.675.20.A,Kennedy Drive,Tweed Heads
Site 63,CASUARINA WAY at No 358 (north of Windsong Way),"-28.286931, 153.572955",https://tweednswgovau.sharepoint.com/sites/Traffic/Traffic Monitoring Reports/Site 63,Salt,RD.233.70.A.1,Casuarina Way,Kingscliff
Site 217,KENNEDY DRIVE near CRYSTAL WATERS DRIVE,"-28.186923, 153.528358",https://tweednswgovau.sharepoint.com/sites/Traffic/Traffic Monitoring Reports/Site 217,Tweed Heads,RD.675.40.A,Kennedy Drive,Tweed Heads
Site 218,KENNEDY DRIVE west of DUCAT,"-28.186092, 153.525972",https://tweednswgovau.sharepoint.com/sites/Traffic/Traffic Monitoring Reports/Site 218,Tweed Heads,RD.675.60.C,Kennedy Drive,Tweed Heads
Site 64,CASUARINA WAY north of SALT,"-28.268095, 153.578778",https://tweednswgovau.sharepoint.com/sites/Traffic/Traffic Monitoring Reports/Site 64,Salt,RD.233.110.A,Casuarina Way,Kingscliff
Site 219,KENNEDY DRIVE west of DUCAT westbound Special,"-28.186208, 153.526142",https://tweednswgovau.sharepoint.com/sites/Traffic/Traffic Monitoring Reports/Site 219,Tweed Heads,RD.675.50.B,Kennedy Drive,Tweed Heads
Site 65,CASUARINA WAY north of SALT Special,"-28.268018, 153.579269",https://tweednswgovau.sharepoint.com/sites/Traffic/Traffic Monitoring Reports/Site 65,Salt,RD.233.110.A,Casuarina Way,Kingscliff
Site 221,KENNEDY DRIVE east of ROSE STREET,"-28.186826, 153.522897",https://tweednswgovau.sharepoint.com/sites/Traffic/Traffic Monitoring Reports/Site 221,Tweed Heads,RD.675.90.A.1,Kennedy Drive,Tweed Heads
Site 66,CHARLES STREET TWEED HEADS at No 17,"-28.179031, 153.535909",https://tweednswgovau.sharepoint.com/sites/Traffic/Traffic Monitoring Reports/Site 66,Tweed Heads,RD.249.30.A,Charles Street,Tweed Heads
Site 222,KENNEDY DRIVE west of No 226,"-28.189048, 153.510794",https://tweednswgovau.sharepoint.com/sites/Traffic/Traffic Monitoring Reports/Site 222,Tweed Heads West,RD.675.110.A,Kennedy Drive,Tweed Heads West
Site 223,KENT STREET at No 4,"-28.177269, 153.531825",https://tweednswgovau.sharepoint.com/sites/Traffic/Traffic Monitoring Reports/Site 223,Tweed Heads,RD.677.10.A,Kent Street,Tweed Heads
Site 67,CHILLCOTTS ROAD eastern end,"-28.311991, 153.32163",https://tweednswgovau.sharepoint.com/sites/Traffic/Traffic Monitoring Reports/Site 67,Crystal Creek,RD.257.10.A,Chilcotts Road,Crystal Creek
Site 224,KIELYS ROAD off POTTSVILLE ROAD,"-28.43875, 153.489532",https://tweednswgovau.sharepoint.com/sites/Traffic/Traffic Monitoring Reports/Site 224,Mooball,USR.685.20.A,Kielys Road,Mooball
Site 226,KINGSCLIFF STREET at No 127,"-28.239371, 153.566045",https://tweednswgovau.sharepoint.com/sites/Traffic/Traffic Monitoring Reports/Site 226,Kingscliff,RD.694.60.A,Kingscliff Street,Kingscliff
Site 68,CHILLCOTTS ROAD western end,"-28.312885, 153.28939",https://tweednswgovau.sharepoint.com/sites/Traffic/Traffic Monitoring Reports/Site 68,Chillingham,RD.257.70.A,Chilcotts Road,Crystal Creek
Site 227,KINTYRE CRESCENT at No 4,"-28.229803, 153.527652",https://tweednswgovau.sharepoint.com/sites/Traffic/Traffic Monitoring Reports/Site 227,Banora Point,RD.697.10.A.1,Kintyre Crescent,Banora Point
Site 228,KIORA STREET off TERRANORA ROAD,"-28.22887, 153.542191",https://tweednswgovau.sharepoint.com/sites/Traffic/Traffic Monitoring Reports/Site 228,Banora Point,RD.698.10.A,Kiora Street,Banora Point
Site 69,CHINDERAH BAY DRIVE north of WAUGH STREET,"-28.232135, 153.556569",https://tweednswgovau.sharepoint.com/sites/Traffic/Traffic Monitoring Reports/Site 69,Chinderah,RD.259.20.A,Chinderah Bay Drive,Chinderah
Site 229,KIRKWOOD ROAD (West) at No 206,"-28.195426, 153.521421",https://tweednswgovau.sharepoint.com/sites/Traffic/Traffic Monitoring Reports/Site 229,Tweed Heads,RD.701.45.A,Kirkwood Road,Tweed Heads South
Site 70,CHINDERAH BAY DRIVE south of WOMMIN BAY RD,"-28.237808,153.553275",https://tweednswgovau.sharepoint.com/sites/Traffic/Traffic Monitoring Reports/Site 70,Chinderah,RD.259.45.A,Chinderah Bay Drive,Chinderah
Site 231,KIRKWOOD ROAD west of MINJUNGBAL DRIVE,"-28.198244, 153.541782",https://tweednswgovau.sharepoint.com/sites/Traffic/Traffic Monitoring Reports/Site 231,Tweed Heads,RD.701.30.A,Kirkwood Road,Tweed Heads South
Site 232,LAKES DRIVE at No 25 (east of Gollan Dr),"-28.193815, 153.508168",https://tweednswgovau.sharepoint.com/sites/Traffic/Traffic Monitoring Reports/Site 232,Tweed Heads West,RD.1297.30.A,Lakes Drive,Tweed Heads West
Site 71,CHINDERAH ROAD off CHINDERAH BAY DRIVE,"-28.240573, 153.550344",https://tweednswgovau.sharepoint.com/sites/Traffic/Traffic Monitoring Reports/Site 71,Chinderah,RD.260.20.A,Chinderah Road,Chinderah
Site 233,LAURA STREET at No 10,"-28.215545, 153.547107",https://tweednswgovau.sharepoint.com/sites/Traffic/Traffic Monitoring Reports/Site 233,Banora Point,RD.730.10.A.1,Laura Street,Banora Point
Site 234,LEDDAYS CREEK ROAD off M.R.679 TWEED VALLEY WAY,"-28.277036, 153.497387",https://tweednswgovau.sharepoint.com/sites/Traffic/Traffic Monitoring Reports/Site 234,Stotts Creek,RD.1812.10.A,Leddays Creek Road,Stotts Creek
Site 72,CHINDERAH ROAD northbound OFF RAMP,"-28.244922, 153.550764",https://tweednswgovau.sharepoint.com/sites/Traffic/Traffic Monitoring Reports/Site 72,Chinderah,RD.2184.400.R,Tweed Coast Road,Chinderah
Site 235,LEDDAYS CREEK ROAD AT SOLO WASTE entry,"-28.290291, 153.491472",https://tweednswgovau.sharepoint.com/sites/Traffic/Traffic Monitoring Reports/Site 235,Stotts Creek,RD.1812.60.A,Leddays Creek Road,Stotts Creek
Site 236,LEISURE DRIVE at No 3-7,"-28.214161, 153.54122",https://tweednswgovau.sharepoint.com/sites/Traffic/Traffic Monitoring Reports/Site 236,Banora Point,RD.734.10.A,Leisure Drive,Banora Point
Site 73,CHINDERAH ROAD northbound on ramp to MOTORWAY,"-28.243715, 153.554498",https://tweednswgovau.sharepoint.com/sites/Traffic/Traffic Monitoring Reports/Site 73,Chinderah,RD.2184.390.Q,Tweed Coast Road,Chinderah
Site 237,LEISURE DRIVE east  of GREENWAY DRIVE,"-28.212831, 153.535048",https://tweednswgovau.sharepoint.com/sites/Traffic/Traffic Monitoring Reports/Site 237,Banora Point,RD.734.20.A,Leisure Drive,Banora Point
Site 238,LEISURE DRIVE west of GREENWAY DRIVE,"-28.21219, 153.532854",https://tweednswgovau.sharepoint.com/sites/Traffic/Traffic Monitoring Reports/Site 238,Banora Point,RD.734.40.A,Leisure Drive,Banora Point
Site 74,CHINDERAH ROAD southbound off RAMP,"-28.243499, 153.556648",https://tweednswgovau.sharepoint.com/sites/Traffic/Traffic Monitoring Reports/Site 74,Chinderah,RD.938.50.A,Ozone Street,Chinderah
Site 239,LEISURE DRIVE east of FRASER DRIVE,"-28.21357, 153.523781",https://tweednswgovau.sharepoint.com/sites/Traffic/Traffic Monitoring Reports/Site 239,Banora Point,RD.734.70.B,Leisure Drive,Banora Point
Site 75,CHINDERAH ROAD southbound on ramp to MOTORWAY,"-28.245355, 153.550878",https://tweednswgovau.sharepoint.com/sites/Traffic/Traffic Monitoring Reports/Site 75,Chinderah,RD.2184.400.R,Tweed Coast Road,Chinderah
Site 241,LETITIA ROAD north of CARAVAN PARK,"-28.195267, 153.563805",https://tweednswgovau.sharepoint.com/sites/Traffic/Traffic Monitoring Reports/Site 241,Fingal,RD.735.10.A,Letitia Road,Fingal Head
Site 76,CHINDERAH ROAD northbound THROUGH ROUNDABOUT,"-28.245273, 153.55313",https://tweednswgovau.sharepoint.com/sites/Traffic/Traffic Monitoring Reports/Site 76,Chinderah,RD.2184.390.B,Tweed Coast Road,Chinderah
Site 242B,FINGAL ROAD at SHEOAK SHAK RESTURANT,"-28.201944, 153.564319",https://tweednswgovau.sharepoint.com/sites/Traffic/Traffic Monitoring Reports/Site 242B,Fingal,RD.493.70.A,Fingal Road,Fingal Head
Site 243,LIMOSA ROAD off KENNEDY DRIVE,"-28.188087, 153.514233",https://tweednswgovau.sharepoint.com/sites/Traffic/Traffic Monitoring Reports/Site 243,Tweed Heads West,RD.740.10.A,Limosa Road,Tweed Heads West
Site 77,CHINDERAH ROAD southbound THROUGH ROUNDABOUT,"-28.24502, 153.55317",https://tweednswgovau.sharepoint.com/sites/Traffic/Traffic Monitoring Reports/Site 77,Chinderah,RD.2184.390.C,Tweed Coast Road,Chinderah
Site 244,LIMPINWOOD ROAD north of TYALGUM VILLAGE,"-28.354896, 153.210329",https://tweednswgovau.sharepoint.com/sites/Traffic/Traffic Monitoring Reports/Site 244,Limpinwood,RD.741.10.A.1,Limpinwood Road,Tyalgum
Site 245,LIMPINWOOD VALLEY ROAD. off LIMPINWOOD ROAD,"-28.316566, 153.228187",https://tweednswgovau.sharepoint.com/sites/Traffic/Traffic Monitoring Reports/Site 245,Limpinwood,RD.743.10.A,Limpinwood Valley Road,Limpinwood
Site 78,CHITTICKS LANE halfway along,"-28.201569, 153.56554",https://tweednswgovau.sharepoint.com/sites/Traffic/Traffic Monitoring Reports/Site 78,Fingal,RD.262.10.A,Chitticks Lane,Fingal Head
Site 246,LOCHLOMOND DRIVE off DARLINGTON DRIVE,"-28.228326, 153.538285",https://tweednswgovau.sharepoint.com/sites/Traffic/Traffic Monitoring Reports/Site 246,Banora Point,RD.747.10.A,Lochlomond Drive,Banora Point
Site 247,LOCHLOMOND DRIVE at No 91,"-28.228791, 153.537268",https://tweednswgovau.sharepoint.com/sites/Traffic/Traffic Monitoring Reports/Site 247,Banora Point,RD.747.10.A,Lochlomond Drive,Banora Point
Site 79,CHOWAN CK. ROAD just past ROWLANDS CK ROAD turn off,"-28.436726, 153.346076",https://tweednswgovau.sharepoint.com/sites/Traffic/Traffic Monitoring Reports/Site 79,Chowan Creek,RD.263.10.A,Chowan Creek Road,Rowlands Creek
Site 248,LOCHLOMOND DRIVE at No 73,"-28.228517, 153.535606",https://tweednswgovau.sharepoint.com/sites/Traffic/Traffic Monitoring Reports/Site 248,Banora Point,RD.747.10.A,Lochlomond Drive,Banora Point
Site 249,LOCHLOMOND DRIVE at No 3 (No 20),"-28.230244, 153.52798",https://tweednswgovau.sharepoint.com/sites/Traffic/Traffic Monitoring Reports/Site 249,Banora Point,RD.747.50.A,Lochlomond Drive,Banora Point
Site 80,CLOTHIERS CREEK ROAD east of TWEED VALLEY WAY M.R. 679,"-28.312588,153.440768",https://tweednswgovau.sharepoint.com/sites/Traffic/Traffic Monitoring Reports/Site 80,Eviron,RD.279.230.A,Clothiers Creek Road,Condong
Site 251,MACADAMIA DRIVE north of HOVEA DRIVE,"-28.374472, 153.559739",https://tweednswgovau.sharepoint.com/sites/Traffic/Traffic Monitoring Reports/Site 251,Pottsville,RD.2213.10.A,Macadamia Drive,Pottsville
Site 81,CLOTHIERS CREEK ROAD western NUNDERI sign post,"-28.317861, 153.448838",https://tweednswgovau.sharepoint.com/sites/Traffic/Traffic Monitoring Reports/Site 81,Clothiers Creek,RD.279.200.A,Clothiers Creek Road,Nunderi
Site 252,MACADAMIA DRIVE at No 10,"-28.375383, 153.559856",https://tweednswgovau.sharepoint.com/sites/Traffic/Traffic Monitoring Reports/Site 252,Pottsville,RD.2213.10.A,Macadamia Drive,Pottsville
Site 253,MACADAMIA DRIVE at No 40,"-28.376012, 153.556216",https://tweednswgovau.sharepoint.com/sites/Traffic/Traffic Monitoring Reports/Site 253,Pottsville,RD.2213.20.A,Macadamia Drive,Pottsville
Site 82,CLOTHIERS CREEK ROAD at No 230,"-28.322058, 153.454273",https://tweednswgovau.sharepoint.com/sites/Traffic/Traffic Monitoring Reports/Site 82,Clothiers Creek,RD.279.180.A,Clothiers Creek Road,Nunderi
Site 254,MACADAMIA DRIVE at No 50,"-28.374966, 153.556037",https://tweednswgovau.sharepoint.com/sites/Traffic/Traffic Monitoring Reports/Site 254,Pottsville,RD.2213.30.A,Macadamia Drive,Pottsville
Site 255,MACHINERY DRIVE at No 6,"-28.202673, 153.542579",https://tweednswgovau.sharepoint.com/sites/Traffic/Traffic Monitoring Reports/Site 255,Tweed Heads,RD.757.30.A,Machinery Drive,Tweed Heads South
Site 83,CLOTHIERS CREEK ROAD at No 334,"-28.324274, 153.463647",https://tweednswgovau.sharepoint.com/sites/Traffic/Traffic Monitoring Reports/Site 83,Clothiers Creek,RD.279.140.A,Clothiers Creek Road,Nunderi
Site 256,MACHINERY DRIVE eastern end of the loop,"-28.203042, 153.542937",https://tweednswgovau.sharepoint.com/sites/Traffic/Traffic Monitoring Reports/Site 256,Tweed Heads,RD.757.60.A,Machinery Drive,Tweed Heads South
Site 257,MACHINERY DRIVE western end of the loop,"-28.202729, 153.539746",https://tweednswgovau.sharepoint.com/sites/Traffic/Traffic Monitoring Reports/Site 257,Tweed Heads,RD.757.60.A,Machinery Drive,Tweed Heads South
Site 84,CLOTHIERS CREEK ROAD at No 351,"-28.325054, 153.465211",https://tweednswgovau.sharepoint.com/sites/Traffic/Traffic Monitoring Reports/Site 84,Clothiers Creek,RD.279.130.A,Clothiers Creek Road,Nunderi
Site 258,MAHERS LANE at No 1,"-28.239605, 153.503961",https://tweednswgovau.sharepoint.com/sites/Traffic/Traffic Monitoring Reports/Site 258,Terranora,RD.761.20.A,Mahers Lane,Terranora
Site 85,CLOTHIERS CREEK ROAD west of FARRANTS ROAD,"-28.326351, 153.473969",https://tweednswgovau.sharepoint.com/sites/Traffic/Traffic Monitoring Reports/Site 85,Clothiers Creek,RD.279.120.A,Clothiers Creek Road,Nunderi
Site 259,MAHERS LANE at No 43,"-28.235151, 153.50501",https://tweednswgovau.sharepoint.com/sites/Traffic/Traffic Monitoring Reports/Site 259,Terranora,RD.761.40.A,Mahers Lane,Terranora
Site 86,CLOTHIERS CREEK ROAD at TEA PLATATION,"-28.331375, 153.487815",https://tweednswgovau.sharepoint.com/sites/Traffic/Traffic Monitoring Reports/Site 86,Clothiers Creek,RD.279.100.A.1,Clothiers Creek Road,Clothiers Creek
Site 261,MARINE PARADE south of the POLICE STATION,"-28.252142, 153.572973",https://tweednswgovau.sharepoint.com/sites/Traffic/Traffic Monitoring Reports/Site 261,Kingscliff,RD.777.50.A,Marine Parade,Kingscliff
Site 262,MARINE PARADE south of the POLICE STATION (Speical SLSC),"-28.256407, 153.578423",https://tweednswgovau.sharepoint.com/sites/Traffic/Traffic Monitoring Reports/Site 262,Kingscliff,RD.777.30.A,Marine Parade,Kingscliff
Site 87,CLOTHIERS CREEK ROAD west of the MOTOR WAY,"-28.3303, 153.517548",https://tweednswgovau.sharepoint.com/sites/Traffic/Traffic Monitoring Reports/Site 87,Clothiers Creek,RD.279.60.A,Clothiers Creek Road,Clothiers Creek
Site 263,M.R.141 KYOGLE ROAD west of NIMBIN turn off,"-28.510162, 153.180306",https://tweednswgovau.sharepoint.com/sites/Traffic/Traffic Monitoring Reports/Site 263,Mount Burrell,RD.711.32.A,Kyogle Road,Mount Burrell
Site 264,M.R.142 NIMBIN ROAD 150metres off KYOGLE ROAD,"-28.51275, 153.18259",https://tweednswgovau.sharepoint.com/sites/Traffic/Traffic Monitoring Reports/Site 264,Mount Burrell,RD.876.20.A,Nimbin Road,Mount Burrell
Site 88,CLOTHIERS CREEK ROAD on TANGLEWOOD FLAT,"-28.333713, 153.531276",https://tweednswgovau.sharepoint.com/sites/Traffic/Traffic Monitoring Reports/Site 88,Tanglewood,RD.279.30.A,Clothiers Creek Road,Tanglewood
Site 265,M.R.142 KYOGLE ROAD north of NIMBIN turn off,"-28.50735, 153.183776",https://tweednswgovau.sharepoint.com/sites/Traffic/Traffic Monitoring Reports/Site 265,Mount Burrell,RD.711.40.A,Kyogle Road,Mount Burrell
Site 266,M.R.142 KYOGLE ROAD new Bridge MOUNT BURRELL,"-28.487329, 153.220042",https://tweednswgovau.sharepoint.com/sites/Traffic/Traffic Monitoring Reports/Site 266,Mount Burrell,RD.711.100.A,Kyogle Road,Mount Burrell
Site 89,CLOTHIERS CREEK ROAD 70/50 SIGNS CABARITA,"-28.331144, 153.559736",https://tweednswgovau.sharepoint.com/sites/Traffic/Traffic Monitoring Reports/Site 89,Bogangar,RD.279.20.A,Clothiers Creek Road,Bogangar
Site 267,M.R.142 KYOGLE ROAD east of MOUNT BURRELL STORE,"-28.486089, 153.222103",https://tweednswgovau.sharepoint.com/sites/Traffic/Traffic Monitoring Reports/Site 267,Mount Burrell,RD.711.110.A,Kyogle Road,Mount Burrell
Site 268,M.R.142 KYOGLE ROAD west of KUNGHUR VILLAGE,"-28.468745, 153.250669",https://tweednswgovau.sharepoint.com/sites/Traffic/Traffic Monitoring Reports/Site 268,Kunghur,RD.711.160.A,Kyogle Road,Kunghur
Site 90,CLOTHIERS CREEK ROAD 70/50 SIGNS CABARITA Special,"-28.331179,153.559877",https://tweednswgovau.sharepoint.com/sites/Traffic/Traffic Monitoring Reports/Site 90,Bogangar,RD.279.20.A,Clothiers Creek Road,Bogangar
Site 269,M.R.142 KYOGLE ROAD west of BYRRIL CREEK ROAD,"-28.437705, 153.281375",https://tweednswgovau.sharepoint.com/sites/Traffic/Traffic Monitoring Reports/Site 269,Terragon,RD.711.200.A.1,Kyogle Road,Terragon
Site 91,COBAKI ROAD south of PIGGABEEN ROAD,"-28.192756, 153.481377",https://tweednswgovau.sharepoint.com/sites/Traffic/Traffic Monitoring Reports/Site 91,Tweed Heads West,RD.306.10.A,Cobaki Road,Cobaki
Site 271,M.R.142 KYOGLE ROAD in UKI VILLAGE at No 1478 (east of Uki Bridge),"-28.414136, 153.333751",https://tweednswgovau.sharepoint.com/sites/Traffic/Traffic Monitoring Reports/Site 271,Uki,RD.711.280.A,Kyogle Road,Uki
Site 272,M.R.142 KYOGLE ROAD at No 973 DUM DUM,"-28.382734, 153.340113",https://tweednswgovau.sharepoint.com/sites/Traffic/Traffic Monitoring Reports/Site 272,Dum Dum,RD.711.380.A,Kyogle Road,Dum Dum
Site 92,COLLIER STREET off CUDGEN ROAD,"-28.263775, 153.55604",https://tweednswgovau.sharepoint.com/sites/Traffic/Traffic Monitoring Reports/Site 92,Cudgen,RD.313.10.A.1,Collier Street,Cudgen
Site 273,M.R.142 KYOGLE ROAD north of BYANGUM BRIDGE,"-28.350932, 153.361685",https://tweednswgovau.sharepoint.com/sites/Traffic/Traffic Monitoring Reports/Site 273,Byangum,RD.711.437.A,Kyogle Road,Byangum
Site 274,M.R.142 KYOGLE ROAD west of PARK AVENUE,"-28.342073, 153.372959",https://tweednswgovau.sharepoint.com/sites/Traffic/Traffic Monitoring Reports/Site 274,Bray Park,RD.711.465.A,Kyogle Road,Murwillumbah
Site 93,COMMERCIAL ROAD north of KING STREET,"-28.329022, 153.398132",https://tweednswgovau.sharepoint.com/sites/Traffic/Traffic Monitoring Reports/Site 93,Murwillumbah,RD.317.20.A,Commercial Road,Murwillumbah
Site 275,M.R.142 KYOGLE ROAD on BRAY PARK flat (north of Tree Street),"-28.33529, 153.380955",https://tweednswgovau.sharepoint.com/sites/Traffic/Traffic Monitoring Reports/Site 275,Bray Park,RD.711.490.A,Kyogle Road,Murwillumbah
Site 276,RIVERVIEW STREET at No 54,"-28.331153, 153.391478",https://tweednswgovau.sharepoint.com/sites/Traffic/Traffic Monitoring Reports/Site 276,Murwillumbah,RD.1125.10.A,Riverview Street,Murwillumbah
Site 94,COMMERCIAL ROAD south of KING STREET,"-28.329817, 153.397656",https://tweednswgovau.sharepoint.com/sites/Traffic/Traffic Monitoring Reports/Site 94,Murwillumbah,RD.317.30.A,Commercial Road,Murwillumbah
Site 278,M.R.142 RIVERVIEW STREET at No 13,"-28.328092, 153.391987",https://tweednswgovau.sharepoint.com/sites/Traffic/Traffic Monitoring Reports/Site 278,Murwillumbah,RD.1125.10.A,Riverview Street,Murwillumbah
Site 95,COMMISSIONERS CK RD north of DOON DOON ROAD,"-28.486128, 153.30068",https://tweednswgovau.sharepoint.com/sites/Traffic/Traffic Monitoring Reports/Site 95,Doon Doon,RD.318.10.A.1,Commissioners Creek Road,Doon Doon
Site 279,M.R.142 ALMA STREET west of RIVER STREET,"-28.328671, 153.400579",https://tweednswgovau.sharepoint.com/sites/Traffic/Traffic Monitoring Reports/Site 279,South Murwillumbah,RD.15.10.A,Alma Street,South Murwillumbah
Site 96,CONDONG STREET at No 22,"-28.330866, 153.393895",https://tweednswgovau.sharepoint.com/sites/Traffic/Traffic Monitoring Reports/Site 96,Murwillumbah,RD.324.20.A,Condong Street,Murwillumbah
Site 281,M.R.143 TOMEWIN ROAD at TOMEWIN TICK GATES,"-28.241333, 153.376767",https://tweednswgovau.sharepoint.com/sites/Traffic/Traffic Monitoring Reports/Site 281,Tomewin,RD.1314.210.A,Tomewin Road,Tomewin
Site 282,M.R.143 TOMEWIN ROAD at No 978,"-28.244206, 153.375687",https://tweednswgovau.sharepoint.com/sites/Traffic/Traffic Monitoring Reports/Site 282,Tomewin,RD.1314.210.A,Tomewin Road,Tomewin
Site 97,CONDONG STREET east of MYRTLE LANE,"-28.330336, 153.390139",https://tweednswgovau.sharepoint.com/sites/Traffic/Traffic Monitoring Reports/Site 97,Murwillumbah,RD.324.40.A,Condong Street,Murwillumbah
Site 283,M.R.143 TOMEWIN ROAD at No 886,"-28.249108, 153.372279",https://tweednswgovau.sharepoint.com/sites/Traffic/Traffic Monitoring Reports/Site 283,Tomewin,RD.1314.190.A,Tomewin Road,Tomewin
Site 284,M.R.143 TOMEWIN ROAD north of DUNGAY CREEK ROAD,"-28.283484, 153.374927",https://tweednswgovau.sharepoint.com/sites/Traffic/Traffic Monitoring Reports/Site 284,Dungay,RD.1314.110.A,Tomewin Road,Dungay
Site 98,COOLOON STREET KUNGHUR at No 38,"-28.473651, 153.252765",https://tweednswgovau.sharepoint.com/sites/Traffic/Traffic Monitoring Reports/Site 98,Kunghur,RD.1640.10.A,Cooloon Street,Kunghur
Site 285,M.R.143 TOMEWIN ROAD north of NUMINBAH  ROAD,"-28.312013, 153.389389",https://tweednswgovau.sharepoint.com/sites/Traffic/Traffic Monitoring Reports/Site 285,Kynnumboon,RD.1314.20.A,Tomewin Road,Kynnumboon
Site 286,M.R.143 TOMEWIN ROAD at No 317,"-28.288286, 153.381552",https://tweednswgovau.sharepoint.com/sites/Traffic/Traffic Monitoring Reports/Site 286,Dungay,RD.1314.80.A,Tomewin Road,Kynnumboon
Site 99,COVENT GARDENS WAY at No 2,"-28.215606, 153.529386",https://tweednswgovau.sharepoint.com/sites/Traffic/Traffic Monitoring Reports/Site 99,Banora Point,RD.351.10.A,Covent Gardens Way,Banora Point
Site 287,QUEENSLAND ROAD M.R.143 at SOCCER FIELD,"-28.322219, 153.393823",https://tweednswgovau.sharepoint.com/sites/Traffic/Traffic Monitoring Reports/Site 287,Murwillumbah,RD.1076.35.A,Queensland Road,Murwillumbah
Site 288,QUEENSLAND ROAD M.R.143 near HISTORICAL MUSEUM,"-28.325501, 153.395191",https://tweednswgovau.sharepoint.com/sites/Traffic/Traffic Monitoring Reports/Site 288,Murwillumbah,RD.1076.20.A,Queensland Road,Murwillumbah
Site 100,COVENT GARDENS WAY at No 30,"-28.216572, 153.527057",https://tweednswgovau.sharepoint.com/sites/Traffic/Traffic Monitoring Reports/Site 100,Banora Point,RD.351.20.A,Covent Gardens Way,Banora Point
Site 289,M.R.399 NUMINBAH ROAD at NUMINBAH TICK GATES,"-28.260199, 153.23559",https://tweednswgovau.sharepoint.com/sites/Traffic/Traffic Monitoring Reports/Site 289,Numinbah,RD.889.350.A,Numinbah Road,Numinbah
Site 291,M.R.399 NUMINBAH ROAD east of CHILLINGHAM,"-28.313341, 153.282618",https://tweednswgovau.sharepoint.com/sites/Traffic/Traffic Monitoring Reports/Site 291,Chillingham,RD.889.220.A,Numinbah Road,Chillingham
Site 292,M.R.399 NUMINBAH ROAD at No 603,"-28.319313, 153.343308",https://tweednswgovau.sharepoint.com/sites/Traffic/Traffic Monitoring Reports/Site 292,North Arm,RD.889.100.A,Numinbah Road,North Arm
Site 293,M.R.399 NUMINBAH ROAD east of NORTHARM ROAD,"-28.323028, 153.348676",https://tweednswgovau.sharepoint.com/sites/Traffic/Traffic Monitoring Reports/Site 293,Nobbys Creek,RD.889.90.A,Numinbah Road,North Arm
Site 294,M.R.399 NUMINBAH ROAD west of KYNUMBOON BRIDGE,"-28.314764, 153.387175",https://tweednswgovau.sharepoint.com/sites/Traffic/Traffic Monitoring Reports/Site 294,Kynnumboon,RD.889.10.A,Numinbah Road,Kynnumboon
Site 295,M.R.450 CUDGERA CREEK ROAD  east of Motorway,"-28.388641, 153.526477",https://tweednswgovau.sharepoint.com/sites/Traffic/Traffic Monitoring Reports/Site 295,Cudgera Creek,RD.371.120.A,Cudgera Creek Road,Cudgera Creek
Site 296,M.R.450 CUDGERA CREEK ROAD  east of Motorway Special,"-28.3885747, 153.52679",https://tweednswgovau.sharepoint.com/sites/Traffic/Traffic Monitoring Reports/Site 296,Cudgera Creek,RD.371.120.A,Cudgera Creek Road,Cudgera Creek
Site 297,M.R.450 POTTSVILLE ROAD west of SEABREEZE BOULEVARD Special,"-28.388438, 153.554903",https://tweednswgovau.sharepoint.com/sites/Traffic/Traffic Monitoring Reports/Site 297,Pottsville,RD.1058.200.A,Pottsville Road,Pottsville
Site 298,M.R.450 CORONATION AVENUE at No 16,"-28.389714, 153.56283",https://tweednswgovau.sharepoint.com/sites/Traffic/Traffic Monitoring Reports/Site 298,Pottsville,RD.339.15.A,Coronation Avenue,Pottsville
Site 110,CUDGEN ROAD at TAFE COLLEGE,"-28.264459,153.567686",https://tweednswgovau.sharepoint.com/sites/Traffic/Traffic Monitoring Reports/Site 110,Kingscliff,RD.365.45.A,Cudgen Road,Cudgen
Site 299,M.R.450 COAST ROAD POTTSVILLE SPORTS GROUND,"-28.387417, 153.565962",https://tweednswgovau.sharepoint.com/sites/Traffic/Traffic Monitoring Reports/Site 299,Pottsville,RD.2184.130.A,Tweed Coast Road,Pottsville
Site 301,M.R.450 COAST ROAD 400 metres north of CUDGERA  AVENUE,"-28.373434, 153.570643",https://tweednswgovau.sharepoint.com/sites/Traffic/Traffic Monitoring Reports/Site 301,Hastings Point,RD.2184.160.A,Tweed Coast Road,Hastings Point
Site 302,M.R.450 COAST ROAD south of CREEK STREET,"-28.358238, 153.573838",https://tweednswgovau.sharepoint.com/sites/Traffic/Traffic Monitoring Reports/Site 302,Hastings Point,RD.2184.190.A,Tweed Coast Road,Hastings Point
Site 303,M.R.450 COAST ROAD norrth of BARCLAY DRIVE,"-28.299268, 153.56935",https://tweednswgovau.sharepoint.com/sites/Traffic/Traffic Monitoring Reports/Site 303,Casuarina,RD.2184.280.C,Tweed Coast Road,Kings Forest
Site 304,M.R.450 COAST ROAD norrth of BARCLAY DRIVE Special,"-28.298763, 153.569393",https://tweednswgovau.sharepoint.com/sites/Traffic/Traffic Monitoring Reports/Site 304,Casuarina,RD.2184.280.C,Tweed Coast Road,Kings Forest
Site 305,M.R.450 COAST ROAD south of CUDGEN ROAD,"-28.271113, 153.560768",https://tweednswgovau.sharepoint.com/sites/Traffic/Traffic Monitoring Reports/Site 305,Kings Forest,RD.2184.325.A,Tweed Coast Road,Cudgen
Site 306,M.R.450 COAST ROAD south of CUDGEN ROAD Special,"-28.373467, 153.570642",https://tweednswgovau.sharepoint.com/sites/Traffic/Traffic Monitoring Reports/Site 306,Hastings Point,RD.2184.160.A,Tweed Coast Road,Hastings Point
Site 307,M.R.450 COAST ROAD north of CUDGEN ROAD,"-28.261143, 153.561745",https://tweednswgovau.sharepoint.com/sites/Traffic/Traffic Monitoring Reports/Site 307,Cudgen,RD.2184.335.A,Tweed Coast Road,Cudgen
Site 308,M.R.450 COAST ROAD north of CUDGEN ROAD Special,"-28.299351, 153.569285",https://tweednswgovau.sharepoint.com/sites/Traffic/Traffic Monitoring Reports/Site 308,Casuarina,RD.2184.280.C,Tweed Coast Road,Kings Forest
Site 120,DARLINGTON DRIVE east of LOCHLOMOND DRIVE,"-28.227964,153.538691",https://tweednswgovau.sharepoint.com/sites/Traffic/Traffic Monitoring Reports/Site 120,Banora Point,RD.388.70.A,Darlington Drive,Banora Point
Site 309,M.R.541 TERRANORA ROAD TUMBULGUM END (300m nth of Corkwood Dr),"-28.266759, 153.470769",https://tweednswgovau.sharepoint.com/sites/Traffic/Traffic Monitoring Reports/Site 309,North Tumbulgum,RD.1277.270.A,Terranora Road,North Tumbulgum
Site 311,M.R.541 TERRANORA ROAD at No 647,"-28.240713, 153.499766",https://tweednswgovau.sharepoint.com/sites/Traffic/Traffic Monitoring Reports/Site 311,North Tumbulgum,RD.1277.120.A,Terranora Road,Terranora
Site 312,M.R.541 TERRANORA ROAD at No 577,"-28.240282, 153.506502",https://tweednswgovau.sharepoint.com/sites/Traffic/Traffic Monitoring Reports/Site 312,Banora Point,RD.1277.105.A,Terranora Road,Terranora
Site 313,M.R.541 TERRANORA ROAD at No 29,"-28.234162, 153.52325",https://tweednswgovau.sharepoint.com/sites/Traffic/Traffic Monitoring Reports/Site 313,Banora Point,RD.1277.85.A.1,Terranora Road,Terranora
Site 314,M.R.541 TERRANORA ROAD at No 304,"-28.232717, 153.527962",https://tweednswgovau.sharepoint.com/sites/Traffic/Traffic Monitoring Reports/Site 314,Banora Point,RD.1277.80.A,Terranora Road,Banora Point
Site 315,M.R.541 TERRANORA ROAD at No 10,"-28.221768, 153.546232",https://tweednswgovau.sharepoint.com/sites/Traffic/Traffic Monitoring Reports/Site 315,Banora Point,RD.1277.15.A,Terranora Road,Banora Point
Site 316,TWEED BYPASS,"-28.202547, 153.535619",https://tweednswgovau.sharepoint.com/sites/Traffic/Traffic Monitoring Reports/Site 316,Tweed Heads,RD.558.10.A,Greenway Drive,Tweed Heads South
Site 317,M.R.679 Tweed Vally Way BARNEY'S POINT BRIDGE,"-28.225985,153.556754",https://tweednswgovau.sharepoint.com/sites/Traffic/Traffic Monitoring Reports/Site 317,Banora Point,RD.259.10.A,Chinderah Bay Drive,Chinderah
Site 130,DOON DOON ROAD on wooden BRIDGE / CARRIAGES,"-28.520814,153.314034",https://tweednswgovau.sharepoint.com/sites/Traffic/Traffic Monitoring Reports/Site 130,Doon Doon,USR.407.150.A,Doon Doon Road,Doon Doon
Site 318,M.R.679 Tweed Vally Way Before CHINDERAH RD off RAMP,"-28.245547,153.545782",https://tweednswgovau.sharepoint.com/sites/Traffic/Traffic Monitoring Reports/Site 318,Chinderah,RD.259.60.A,Chinderah Bay Drive,Chinderah
Site 319,M.R.679 Tweed Vally Way at STOTTS CREEK,"-28.275173, 153.488446",https://tweednswgovau.sharepoint.com/sites/Traffic/Traffic Monitoring Reports/Site 319,Stotts Creek,RD.2194.9360.A,Tweed Valley Way,Tumbulgum
Site 321,M.R.679 Tweed Vally Way north of No 8336,"-28.29884, 153.449289",https://tweednswgovau.sharepoint.com/sites/Traffic/Traffic Monitoring Reports/Site 321,Eviron,RD.2194.9310.A,Tweed Valley Way,Eviron
Site 322,M.R.679 Tweed Vally Way at LIQUOR LAND,"-28.319567, 153.429199",https://tweednswgovau.sharepoint.com/sites/Traffic/Traffic Monitoring Reports/Site 322,South Murwillumbah,RD.2194.9280.A,Tweed Valley Way,South Murwillumbah
Site 323,M.R.679 Tweed Vally Way at BULLAMAKANKKA PARK,"-28.321739, 153.421404",https://tweednswgovau.sharepoint.com/sites/Traffic/Traffic Monitoring Reports/Site 323,South Murwillumbah,RD.2194.9270.A,Tweed Valley Way,South Murwillumbah
Site 324,M.R.679 Tweed Vally Way at No 232    IGA,"-28.327749, 153.407105",https://tweednswgovau.sharepoint.com/sites/Traffic/Traffic Monitoring Reports/Site 324,South Murwillumbah,RD.2194.9230.A,Tweed Valley Way,South Murwillumbah
Site 325,M.R.679 Tweed Vally Way north of HOLLAND STREET,"-28.33284, 153.401136",https://tweednswgovau.sharepoint.com/sites/Traffic/Traffic Monitoring Reports/Site 325,South Murwillumbah,RD.2194.9210.A,Tweed Valley Way,South Murwillumbah
Site 326,M.R.679 Tweed Valley Way at No 6149 (north of Station Street),"-28.432169, 153.471642",https://tweednswgovau.sharepoint.com/sites/Traffic/Traffic Monitoring Reports/Site 326,Burringbar,RD.2194.9060.A,Tweed Valley Way,Burringbar
Site 327,M.R.679 Tweed Vally Way between BURRINGBAR and MOOBALL,"-28.441768, 153.478364",https://tweednswgovau.sharepoint.com/sites/Traffic/Traffic Monitoring Reports/Site 327,Burringbar,RD.2194.9040.A,Tweed Valley Way,Mooball
Site 140,DUNGAY CREEK ROAD at No 282,"-28.26607, 153.358614",https://tweednswgovau.sharepoint.com/sites/Traffic/Traffic Monitoring Reports/Site 140,Upper Dungay,RD.427.70.A,Dungay Creek Road,Dungay
Site 328,M.R.679 Tweed Vally Way north of POTTSVILLE ROAD,"-28.441861, 153.487943",https://tweednswgovau.sharepoint.com/sites/Traffic/Traffic Monitoring Reports/Site 328,Mooball,RD.2194.9030.A.1,Tweed Valley Way,Mooball
Site 329,M.R.679 Tweed Vally Way at No 5838,"-28.442677, 153.496852",https://tweednswgovau.sharepoint.com/sites/Traffic/Traffic Monitoring Reports/Site 329,Mooball,RD.2194.9020.A,Tweed Valley Way,Mooball
Site 331,MCALLISTERS ROAD at No 26,"-28.214919, 153.48064",https://tweednswgovau.sharepoint.com/sites/Traffic/Traffic Monitoring Reports/Site 331,Bilambil Heights,RD.792.40.A.1,McAllisters Road,Bilambil Heights
Site 332,MCAULEYS ROAD at No 5,"-28.242316, 153.510365",https://tweednswgovau.sharepoint.com/sites/Traffic/Traffic Monitoring Reports/Site 332,Terranora,RD.793.10.A,McAuleys Road,Terranora
Site 333,MCLEOD STREET at No 121,"-28.310992, 153.434846",https://tweednswgovau.sharepoint.com/sites/Traffic/Traffic Monitoring Reports/Site 333,Condong,RD.807.40.A,McLeod Street,Condong
Site 334,MCPHAIL AVENUE at No 66,"-28.262962, 153.571553",https://tweednswgovau.sharepoint.com/sites/Traffic/Traffic Monitoring Reports/Site 334,Kingscliff,RD.809.40.A,McPhail Avenue,Kingscliff
Site 335,MIDGINBILL ROAD off DOON DOON ROAD,"-28.483353, 153.272485",https://tweednswgovau.sharepoint.com/sites/Traffic/Traffic Monitoring Reports/Site 335,Midginbil,RD.821.10.A,Midginbil Road,Midginbil
Site 336,MILES STREET at No 15,"-28.185186, 153.529419",https://tweednswgovau.sharepoint.com/sites/Traffic/Traffic Monitoring Reports/Site 336,Tweed Heads,RD.321.30.A,Companion Way,Tweed Heads
Site 337,MINJUNGBAL DRIVE at No 155,"-28.205049, 153.544506",https://tweednswgovau.sharepoint.com/sites/Traffic/Traffic Monitoring Reports/Site 337,Tweed Heads,RD.827.30.B.1,Minjungbal Drive,Tweed Heads South
Site 150,ELROND DRIVE north of TURNOCK STREET,"-28.250745, 153.566034",https://tweednswgovau.sharepoint.com/sites/Traffic/Traffic Monitoring Reports/Site 150,Kingscliff,RD.458.40.A,Elrond Drive,Kingscliff
Site 338,MINJUNGBAL DRIVE north of MACHINERY DRIVE,"-28.201115, 153.544048",https://tweednswgovau.sharepoint.com/sites/Traffic/Traffic Monitoring Reports/Site 338,Tweed Heads,RD.827.130.C,Minjungbal Drive,Tweed Heads South
Site 339,MINJUNGBAL DRIVE north of KIRKWOOD ROAD,"-28.196225, 153.543453",https://tweednswgovau.sharepoint.com/sites/Traffic/Traffic Monitoring Reports/Site 339,Tweed Heads,RD.827.35.B,Minjungbal Drive,Tweed Heads South
Site 341,MINNOWS ROAD off TWEED VALLEY WAY,"-28.379126, 153.42011",https://tweednswgovau.sharepoint.com/sites/Traffic/Traffic Monitoring Reports/Site 341,Dunbible,RD.829.10.A,Minnows Road,Fernvale
Site 342,MISTRAL AVENUE at ANTHONYS BRIDGE,"-28.350292, 153.393997",https://tweednswgovau.sharepoint.com/sites/Traffic/Traffic Monitoring Reports/Site 342,South Murwillumbah,RD.1864.40.A,Mistral Road,South Murwillumbah
Site 343,MOUNT WARNING ROAD off M.R.142,"-28.383372, 153.337778",https://tweednswgovau.sharepoint.com/sites/Traffic/Traffic Monitoring Reports/Site 343,Dum Dum,RD.850.10.A.1,Mount Warning Road,Mount Warning
Site 344,MOUNT WARNING ROAD just west of entry to No 64 Mavis Kitchen,"-28.384859, 153.335129",https://tweednswgovau.sharepoint.com/sites/Traffic/Traffic Monitoring Reports/Site 344,Mount Warning,RD.850.30.A,Mount Warning Road,Mount Warning
Site 345,MYRTLE STREET at No 60,"-28.33128, 153.385113",https://tweednswgovau.sharepoint.com/sites/Traffic/Traffic Monitoring Reports/Site 345,Murwillumbah,RD.863.10.A,Myrtle Street,Murwillumbah
Site 346,MYRTLE STREET at No 21,"-28.330726, 153.389212",https://tweednswgovau.sharepoint.com/sites/Traffic/Traffic Monitoring Reports/Site 346,Murwillumbah,RD.863.40.A,Myrtle Street,Murwillumbah
Site 347,MONTEREY AVENUE off DARLINGTON DRIVE,"-28.216749, 153.532642",https://tweednswgovau.sharepoint.com/sites/Traffic/Traffic Monitoring Reports/Site 347,Banora Point,RD.839.10.A,Monterey Avenue,Banora Point
Site 160,FAULKNER SREET TWEED HEADS AT No 5,"-28.192811, 153.536996",https://tweednswgovau.sharepoint.com/sites/Traffic/Traffic Monitoring Reports/Site 160,Tweed Heads,RD.485.10.A,Faulkner Street,Tweed Heads South
Site 348,MONOMEETH AVE at No 16,"-28.21464, 153.485572",https://tweednswgovau.sharepoint.com/sites/Traffic/Traffic Monitoring Reports/Site 348,Bilambil Heights,RD.838.20.A,Monomeeth Avenue,Bilambil Heights
Site 349,MORTON STREET off TWEED COAST ROAD,"-28.246287, 153.554746",https://tweednswgovau.sharepoint.com/sites/Traffic/Traffic Monitoring Reports/Site 349,Chinderah,RD.846.05.A,Morton Street,Chinderah
Site 351,MOSS STREET off MARINE PARADE,"-28.258659, 153.581541",https://tweednswgovau.sharepoint.com/sites/Traffic/Traffic Monitoring Reports/Site 351,Kingscliff,RD.847.10.A,Moss Street,Kingscliff
Site 352,NOBBY'S CREEK ROAD off NUMINBAH ROAD,"-28.319383, 153.347705",https://tweednswgovau.sharepoint.com/sites/Traffic/Traffic Monitoring Reports/Site 352,Nobbys Creek,RD.880.20.A,Nobbys Creek Road,Nobbys Creek
Site 353,NOBBY'S CREEK ROAD at END of SEAL,"-28.280741, 153.328786",https://tweednswgovau.sharepoint.com/sites/Traffic/Traffic Monitoring Reports/Site 353,Nobbys Creek,RD.880.110.A,Nobbys Creek Road,Nobbys Creek
Site 165M-TN,S.H.10 Pacific Mway at Tweed River Chinderah,"-28.225985,153.556754",https://tweednswgovau.sharepoint.com/sites/Traffic/Traffic Monitoring Reports/Site 165M-TN,Chinderah,RD.259.10.A,Chinderah Bay Drive,Chinderah
Site 354,NORTH ARM ROAD east of INGRAM PLACE,"-28.336156, 153.367929",https://tweednswgovau.sharepoint.com/sites/Traffic/Traffic Monitoring Reports/Site 354,Murwillumbah,RD.883.20.A,North Arm Road,Murwillumbah
Site 355,NORTH ARM ROAD west of WOLLUMBIN HIGH SCHOOL,"-28.333951, 153.358842",https://tweednswgovau.sharepoint.com/sites/Traffic/Traffic Monitoring Reports/Site 355,North Arm,RD.883.40.A,North Arm Road,Murwillumbah
Site 356,NORTH'S LANE at No 18,"-28.322997, 153.465049",https://tweednswgovau.sharepoint.com/sites/Traffic/Traffic Monitoring Reports/Site 356,Eviron,RD.887.10.A,Norths Lane,Nunderi
Site 357,NUDGEE STREET off LEISURE DRIVE,"-28.211859, 153.531854",https://tweednswgovau.sharepoint.com/sites/Traffic/Traffic Monitoring Reports/Site 357,Banora Point,RD.1890.10.A,Nudgee Street,Banora Point
Site 358,NORMAN STREET off KENNEDY DRIVE,"-28.185675, 153.531154",https://tweednswgovau.sharepoint.com/sites/Traffic/Traffic Monitoring Reports/Site 358,Tweed Heads,RD.882.10.A,Norman Street,Tweed Heads
Site 359,NULLUM STREET north of PRINCE STREET,"-28.328919, 153.393215",https://tweednswgovau.sharepoint.com/sites/Traffic/Traffic Monitoring Reports/Site 359,Murwillumbah,RD.888.20.A,Nullum Street,Murwillumbah
Site 170,FRASER DRIVE south of DRY DOCK ROAD,"-28.194527, 153.522649",https://tweednswgovau.sharepoint.com/sites/Traffic/Traffic Monitoring Reports/Site 170,Tweed Heads,RD.518.120.A.1,Fraser Drive,Tweed Heads South
Site 361,OLD FERRY ROAD off TERRANORA ROAD,"-28.228622, 153.54327",https://tweednswgovau.sharepoint.com/sites/Traffic/Traffic Monitoring Reports/Site 361,Banora Point,RD.913.10.A,Old Ferry Road,Banora Point
Site 362,OLD LISMORE ROAD off NORTH ARM ROAD,"-28.338307, 153.363876",https://tweednswgovau.sharepoint.com/sites/Traffic/Traffic Monitoring Reports/Site 362,Murwillumbah,RD.914.20.A,Old Lismore Road,Murwillumbah
Site 363,OLD LISMORE ROAD off TYALGUM ROAD,"-28.345517, 153.357687",https://tweednswgovau.sharepoint.com/sites/Traffic/Traffic Monitoring Reports/Site 363,Byangum,RD.914.60.A,Old Lismore Road,Murwillumbah
Site 364,OPHIR GLEN ROAD off UPPER BURRINGBAR RD,"-28.446078, 153.436878",https://tweednswgovau.sharepoint.com/sites/Traffic/Traffic Monitoring Reports/Site 364,Ophir Glen,RD.923.10.A,Ophir Glen Road,Upper Burringbar
Site 365,OURIMBAH ROAD off DUCAT STREET,"-28.176667, 153.528827",https://tweednswgovau.sharepoint.com/sites/Traffic/Traffic Monitoring Reports/Site 365,Tweed Heads,RD.931.10.A,Ourimbah Road,Tweed Heads
Site 367,OVERALL DRIVE at No 62,"-28.397363, 153.564157",https://tweednswgovau.sharepoint.com/sites/Traffic/Traffic Monitoring Reports/Site 367,Pottsville,RD.932.20.A,Overall Drive,Pottsville
Site 368,KELLEHERS ROAD west of BLACK ROCKS BRIDGE,"-28.411551, 153.561138",https://tweednswgovau.sharepoint.com/sites/Traffic/Traffic Monitoring Reports/Site 368,Pottsville,RD.671.30.A,Kellehers Road,Pottsville
Site 369,OXLEY STREET at No 11,"-28.193507, 153.538966",https://tweednswgovau.sharepoint.com/sites/Traffic/Traffic Monitoring Reports/Site 369,Tweed Heads,RD.936.40.A,Oxley Street,Tweed Heads South
Site 180,GLEN AYRE DRIVE at No 80,"-28.224765, 153.532672",https://tweednswgovau.sharepoint.com/sites/Traffic/Traffic Monitoring Reports/Site 180,Banora Point,RD.533.30.A,Glen Ayr Drive,Banora Point
Site 371,OZONE STREET at No 5,"-28.245775, 153.567292",https://tweednswgovau.sharepoint.com/sites/Traffic/Traffic Monitoring Reports/Site 371,Kingscliff,RD.938.20.A,Ozone Street,Kingscliff
Site 372,PACIFIC DRIVE at No 4A,"-28.223139, 153.546545",https://tweednswgovau.sharepoint.com/sites/Traffic/Traffic Monitoring Reports/Site 372,Banora Point,RD.940.10.A,Pacific Drive,Banora Point
Site 373,PARKES LANE at No 42,"-28.231826, 153.520191",https://tweednswgovau.sharepoint.com/sites/Traffic/Traffic Monitoring Reports/Site 373,Banora Point,RD.998.30.A,Parkes Lane,Terranora
Site 374,PEARL STREET south of TURNOCK STREET,"-28.255391, 153.575223",https://tweednswgovau.sharepoint.com/sites/Traffic/Traffic Monitoring Reports/Site 374,Kingscliff,RD.1004.10.A.1,Pearl Street,Kingscliff
Site 375,PEARL STREET north of TURNOCK STREET,"-28.254853, 153.574568",https://tweednswgovau.sharepoint.com/sites/Traffic/Traffic Monitoring Reports/Site 375,Kingscliff,RD.1004.30.A,Pearl Street,Kingscliff
Site 376,PEARL STREET T/HDS north of FLORENCE STREET,"-28.175012, 153.538721",https://tweednswgovau.sharepoint.com/sites/Traffic/Traffic Monitoring Reports/Site 376,Tweed Heads,RD.1005.10.A,Pearl Street,Tweed Heads
Site 377,PENINSULA STREET off M.R.450,"-28.356848, 153.573657",https://tweednswgovau.sharepoint.com/sites/Traffic/Traffic Monitoring Reports/Site 377,Hastings Point,RD.1013.10.A,Peninsula Street,Hastings Point
Site 378,PHILLIP STREET CHINDERH at No 87,"-28.235363, 153.559643",https://tweednswgovau.sharepoint.com/sites/Traffic/Traffic Monitoring Reports/Site 378,Chinderah,RD.1027.30.A,Phillip Street,Chinderah
Site 379,PHILP PARADE at No14,"-28.193544, 153.520077",https://tweednswgovau.sharepoint.com/sites/Traffic/Traffic Monitoring Reports/Site 379,Tweed Heads,RD.1030.10.A,Philp Parade,Tweed Heads South
Site 190,HASTINGS ROAD at No 100,"-28.331263, 153.568204",https://tweednswgovau.sharepoint.com/sites/Traffic/Traffic Monitoring Reports/Site 190,Bogangar,RD.582.50.A,Hastings Road,Bogangar
Site 381,PIGGABEEN RD west of COBAKI ROAD,"-28.190997, 153.4809",https://tweednswgovau.sharepoint.com/sites/Traffic/Traffic Monitoring Reports/Site 381,Cobaki Lakes,RD.1032.70.A,Piggabeen Road,Cobaki Lakes
Site 382,PIGGABEEN RD east of COBAKI ROAD,"-28.191542, 153.482543",https://tweednswgovau.sharepoint.com/sites/Traffic/Traffic Monitoring Reports/Site 382,Tweed Heads West,RD.1032.55.A,Piggabeen Road,Tweed Heads West
Site 383,PIGGABEEN RD at No 72,"-28.189793, 153.499692",https://tweednswgovau.sharepoint.com/sites/Traffic/Traffic Monitoring Reports/Site 383,Tweed Heads West,RD.1032.20.A.1,Piggabeen Road,Tweed Heads West
Site 384,PIGGABEEN RD at No 5,"-28.189763, 153.505194",https://tweednswgovau.sharepoint.com/sites/Traffic/Traffic Monitoring Reports/Site 384,Tweed Heads West,RD.1032.20.A.1,Piggabeen Road,Tweed Heads West
Site 385,PIGGABEEN RD west of GOLLAN DRIVE,"-28.189857, 153.506641",https://tweednswgovau.sharepoint.com/sites/Traffic/Traffic Monitoring Reports/Site 385,Tweed Heads West,RD.1032.15.A,Piggabeen Road,Tweed Heads West
Site 386,PIONEER PARADE at No 80,"-28.220084, 153.545367",https://tweednswgovau.sharepoint.com/sites/Traffic/Traffic Monitoring Reports/Site 386,Banora Point,RD.1044.50.A,Pioneer Parade,Banora Point
Site 387,POTTSVILLE ROAD south of CUDGERA CREEK ROAD,"-28.389866, 153.543121",https://tweednswgovau.sharepoint.com/sites/Traffic/Traffic Monitoring Reports/Site 387,Cudgera Creek,RD.1058.160.A,Pottsville Road,Cudgera Creek
Site 388,POTTSVILLE ROAD at No 79,"-28.435698, 153.494777",https://tweednswgovau.sharepoint.com/sites/Traffic/Traffic Monitoring Reports/Site 388,Sleepy Hollow,RD.1058.20.A,Pottsville Road,Mooball
Site 389,POTTSVILLE ROAD north of KIELY'S ROAD,"-28.438056, 153.491531",https://tweednswgovau.sharepoint.com/sites/Traffic/Traffic Monitoring Reports/Site 389,Sleepy Hollow,RD.1058.20.A,Pottsville Road,Mooball
Site 200,HOGANS ROAD north of MAJESTIC COURT,"-28.236412, 153.448762",https://tweednswgovau.sharepoint.com/sites/Traffic/Traffic Monitoring Reports/Site 200,North Tumbulgum,RD.605.60.A,Hogans Road,Upper Duroby
Site 391,POWELL STREET sorth of FLORENCE STREET,"-28.176525, 153.544331",https://tweednswgovau.sharepoint.com/sites/Traffic/Traffic Monitoring Reports/Site 391,Tweed Heads,RD.1062.20.A,Powell Street,Tweed Heads
Site 392,PRINCE STREET west EYLES AVENUE,"-28.329153, 153.390288",https://tweednswgovau.sharepoint.com/sites/Traffic/Traffic Monitoring Reports/Site 392,Murwillumbah,RD.1065.40.A,Prince Street,Murwillumbah
Site 393,PROUDFOOTS LANE west of KFC,"-28.327139, 153.396809",https://tweednswgovau.sharepoint.com/sites/Traffic/Traffic Monitoring Reports/Site 393,Murwillumbah,RD.1978.20.A,Proudfoots Lane,Murwillumbah
Site 394,PUMPENBILL ROAD off BRAYS CREEK ROAD,"-28.370303, 153.192857",https://tweednswgovau.sharepoint.com/sites/Traffic/Traffic Monitoring Reports/Site 394,Pumpenbil,RD.2249.10.A.1,Pumpenbil Road,Pumpenbil
Site 395,PUMPENBILL SOUTH SECOND TIMBER BRIDGE,"-28.377833, 153.148728",https://tweednswgovau.sharepoint.com/sites/Traffic/Traffic Monitoring Reports/Site 395,Pumpenbill,RD.1227.30.A,South Pumpenbil Road,Pumpenbil
Site 396,QUARRY ROAD at No 12,"-28.325507, 153.414451",https://tweednswgovau.sharepoint.com/sites/Traffic/Traffic Monitoring Reports/Site 396,South Murwillumbah,RD.1072.20.A,Quarry Road,South Murwillumbah
Site 397,QUARRY ROAD on CONCRETE BRIDGE,"-28.328555, 153.415494",https://tweednswgovau.sharepoint.com/sites/Traffic/Traffic Monitoring Reports/Site 397,South Murwillumbah,RD.1072.30.A,Quarry Road,South Murwillumbah
Site 398,QUEEN STREET FINGAL south of KING STREET,"-28.199389, 153.566731",https://tweednswgovau.sharepoint.com/sites/Traffic/Traffic Monitoring Reports/Site 398,Fingal,RD.1075.20.A,Queen Street,Fingal Head
Site 399,QUEEN STREET MURWILLUMBAH at No 23,"-28.326084, 153.39956",https://tweednswgovau.sharepoint.com/sites/Traffic/Traffic Monitoring Reports/Site 399,Murwillumbah,RD.1074.20.A,Queen Street,Murwillumbah
Site 401,RACECOURSE RD at No 154,"-28.310408, 153.410517",https://tweednswgovau.sharepoint.com/sites/Traffic/Traffic Monitoring Reports/Site 401,Tygalgah,RD.1081.20.A,Racecourse Road,Tygalgah
Site 210,JAMES STREET near No 54,"-28.333129, 153.391833",https://tweednswgovau.sharepoint.com/sites/Traffic/Traffic Monitoring Reports/Site 210,Murwillumbah,RD.648.20.A,James Street,Murwillumbah
Site 402,RECREATION STREET at No 6,"-28.175905, 153.538878",https://tweednswgovau.sharepoint.com/sites/Traffic/Traffic Monitoring Reports/Site 402,Tweed Heads,RD.1097.10.A,Recreation Street,Tweed Heads
Site 403,RESERVE CREEK ROAD east of QUARRY ROAD,"-28.328327, 153.416033",https://tweednswgovau.sharepoint.com/sites/Traffic/Traffic Monitoring Reports/Site 403,Reserve Creek,RD.1102.280.A,Reserve Creek Road,South Murwillumbah
Site 404,RESERVE CREEK ROAD at No 22,"-28.333976, 153.434031",https://tweednswgovau.sharepoint.com/sites/Traffic/Traffic Monitoring Reports/Site 404,Reserve Creek,RD.1102.250.A,Reserve Creek Road,Kielvale
Site 405,RESERVE CREEK ROAD at No 409,"-28.338237, 153.447863",https://tweednswgovau.sharepoint.com/sites/Traffic/Traffic Monitoring Reports/Site 405,Reserve Creek,RD.1102.230.A,Reserve Creek Road,Kielvale
Site 406,RESERVE CREEK ROAD at No 1204,"-28.350931, 153.49669",https://tweednswgovau.sharepoint.com/sites/Traffic/Traffic Monitoring Reports/Site 406,Reserve Creek,RD.1102.100.A,Reserve Creek Road,Reserve Creek
Site 407,RESERVE CREEK ROAD at No 1860,"-28.388968, 153.518741",https://tweednswgovau.sharepoint.com/sites/Traffic/Traffic Monitoring Reports/Site 407,Cudgera Creek,RD.1102.10.A,Reserve Creek Road,Cudgera Creek
Site 408,RIVER STREET at No 107,"-28.336329, 153.39968",https://tweednswgovau.sharepoint.com/sites/Traffic/Traffic Monitoring Reports/Site 408,South Murwillumbah,RD.1118.40.A,River Street,South Murwillumbah
Site 409,RIVER OAK DRIVE off KYOGLE ROAD M.R.142,"-28.342348, 153.371665",https://tweednswgovau.sharepoint.com/sites/Traffic/Traffic Monitoring Reports/Site 409,Murwillumbah,RD.1122.10.A,Riveroak Drive,Murwillumbah
Site 411,RIVERSIDE DRIVE at No162,"-28.277011, 153.46076",https://tweednswgovau.sharepoint.com/sites/Traffic/Traffic Monitoring Reports/Site 411,Tumbulgum,RD.1124.30.A.1,Riverside Drive,Tumbulgum
Site 220,Kennedy Drive east of Barrett Street,"-28.186553, 153.523629",https://tweednswgovau.sharepoint.com/sites/Traffic/Traffic Monitoring Reports/Site 220,Tweed Heads,RD.675.90.A.1,Kennedy Drive,Tweed Heads
Site 413,RIVERSIDE DRIVE at No 46,"-28.271567, 153.463592",https://tweednswgovau.sharepoint.com/sites/Traffic/Traffic Monitoring Reports/Site 413,Tumbulgum,RD.1124.50.A.1,Riverside Drive,Tumbulgum
Site 414,RIVERSIDE DRIVE off TWEED VALLEY WAY northern end,"-28.27206, 153.467377",https://tweednswgovau.sharepoint.com/sites/Traffic/Traffic Monitoring Reports/Site 414,Tumbulgum,RD.1124.70.A.1,Riverside Drive,Tumbulgum
Site 415,ROB ROY CRESCENT at No 2,"-28.258885, 153.577342",https://tweednswgovau.sharepoint.com/sites/Traffic/Traffic Monitoring Reports/Site 415,Kingscliff,RD.1128.10.A,Rob Roy Crescent,Kingscliff
Site 416,ROSEWOOD AVENUE off TWEED COAST ROAD,"-28.330469, 153.568149",https://tweednswgovau.sharepoint.com/sites/Traffic/Traffic Monitoring Reports/Site 416,Bogangar,RD.1140.10.A,Rosewood Avenue,Bogangar
Site 417,ROSE STREET off KENNEDY DRIVE,"-28.186575, 153.522641",https://tweednswgovau.sharepoint.com/sites/Traffic/Traffic Monitoring Reports/Site 417,Tweed Heads,RD.1136.10.A,Rose Street,Tweed Heads West
Site 418,ROUND MOUNTAIN ROAD off TWEED COAST ROAD,"-28.349664, 153.569271",https://tweednswgovau.sharepoint.com/sites/Traffic/Traffic Monitoring Reports/Site 418,Bogangar,RD.1145.10.A,Round Mountain Road,Round Mountain
Site 419,ROUND MOUNTAIN ROAD JET BOAT race day Special,"-28.36315, 153.543222",https://tweednswgovau.sharepoint.com/sites/Traffic/Traffic Monitoring Reports/Site 419,Bogangar,RD.1145.50.A,Round Mountain Road,Round Mountain
Site 421B,ROUND MOUNTAIN ROAD east of WATY BISHOP ROAD,"-28.349982, 153.526031",https://tweednswgovau.sharepoint.com/sites/Traffic/Traffic Monitoring Reports/Site 421B,Bogangar,RD.1145.80.A,Round Mountain Road,Round Mountain
Site 422,ROWLANDS CREEK ROAD at No 25,"-28.415746, 153.336165",https://tweednswgovau.sharepoint.com/sites/Traffic/Traffic Monitoring Reports/Site 422,Uki,RD.1148.20.A,Rowlands Creek Road,Uki
Site 230,KIRKWOOD ROAD at No 52,"-28.198629, 153.54483",https://tweednswgovau.sharepoint.com/sites/Traffic/Traffic Monitoring Reports/Site 230,Tweed Heads,RD.701.20.B,Kirkwood Road,Tweed Heads South
Site 423,RUSSELL WAY at No 12,"-28.209453, 153.526268",https://tweednswgovau.sharepoint.com/sites/Traffic/Traffic Monitoring Reports/Site 423,Tweed Heads South,RD.1151.20.A,Russell Way,Banora Point
Site 424,S.H.10 off ramp southbound (sexton hill),"-28.22139, 153.552712",https://tweednswgovau.sharepoint.com/sites/Traffic/Traffic Monitoring Reports/Site 424,Banora Point,RD.2366.130.C,Sexton Hill Drive,Banora Point
Site 425,S.H.10 on ramp southbound (sexton hill),"-28.222506, 153.553675",https://tweednswgovau.sharepoint.com/sites/Traffic/Traffic Monitoring Reports/Site 425,Banora Point,RD.2631.10.A,Barneys Point Road,Banora Point
Site 426,S.H.10 off ramp northbound  (sexton hill),"-28.222782, 153.55227",https://tweednswgovau.sharepoint.com/sites/Traffic/Traffic Monitoring Reports/Site 426,Banora Point,RD.2366.30.B,Sexton Hill Drive,Banora Point
Site 427,S.H.10 on ramp northbound (sexton hill),"-28.222286, 153.552125",https://tweednswgovau.sharepoint.com/sites/Traffic/Traffic Monitoring Reports/Site 427,Banora Point,RD.2366.30.B,Sexton Hill Drive,Banora Point
Site 428,S.H.10 at BORDER CROSSING,"-28.198927, 153.531158",https://tweednswgovau.sharepoint.com/sites/Traffic/Traffic Monitoring Reports/Site 428,Tweed Heads,RD.701.40.R,Kirkwood Road,Tweed Heads South
Site 429,S.H.10 south of CHINDERAH ROAD,"-28.245547, 153.545782",https://tweednswgovau.sharepoint.com/sites/Traffic/Traffic Monitoring Reports/Site 429,Chinderah,RD.259.60.A,Chinderah Bay Drive,Chinderah
Site 431,SAND STREET at No 48,"-28.243597, 153.56355",https://tweednswgovau.sharepoint.com/sites/Traffic/Traffic Monitoring Reports/Site 431,Kingscliff,RD.1157.20.A,Sand Street,Kingscliff
Site 432,SANDALWOOD DRIVE off TWEED COAST ROAD,"-28.341172, 153.570777",https://tweednswgovau.sharepoint.com/sites/Traffic/Traffic Monitoring Reports/Site 432,Bogangar,RD.1159.10.A,Sandalwood Drive,Bogangar
Site 240,LETITIA ROAD at SCHOOL FRONTAGE,"-28.196839,153.565668",https://tweednswgovau.sharepoint.com/sites/Traffic/Traffic Monitoring Reports/Site 240,Fingal,RD.735.10.A,Letitia Road,Fingal Head
Site 433,SANDALWOOD DRIVE at No 10,"-28.340258, 153.567109",https://tweednswgovau.sharepoint.com/sites/Traffic/Traffic Monitoring Reports/Site 433,Bogangar,RD.1159.30.A,Sandalwood Drive,Bogangar
Site 434,SCENIC DRIVE west of GULL PLACE,"-28.195705, 153.504651",https://tweednswgovau.sharepoint.com/sites/Traffic/Traffic Monitoring Reports/Site 434,Tweed Heads West,RD.1173.20.A,Scenic Drive,Tweed Heads West
Site 242A,LIGHTHOUSE PARADE at SHEOAK SHAK RESTURANT,"-28.201962,153.564299",https://tweednswgovau.sharepoint.com/sites/Traffic/Traffic Monitoring Reports/Site 242A,Fingal,RD.493.70.A,Fingal Road,Fingal Head
Site 435,SCENIC DRIVE north of SIMPSON DRIVE,"-28.212011, 153.483807",https://tweednswgovau.sharepoint.com/sites/Traffic/Traffic Monitoring Reports/Site 435,Bilambil Heights,RD.1173.60.A,Scenic Drive,Bilambil Heights
Site 436,SEAVIEW STREET at No 3,"-28.258305, 153.577838",https://tweednswgovau.sharepoint.com/sites/Traffic/Traffic Monitoring Reports/Site 436,Kingscliff,RD.1179.20.A,Seaview Street,Kingscliff
Site 437,SHALLOW BAY DRIVE west of TRITON STREET,"-28.206017, 153.546019",https://tweednswgovau.sharepoint.com/sites/Traffic/Traffic Monitoring Reports/Site 437,Tweed Heads,RD.1190.20.A,Shallow Bay Drive,Tweed Heads South
Site 438,SHALLOW BAY DRIVE at No 28,"-28.20629, 153.547936",https://tweednswgovau.sharepoint.com/sites/Traffic/Traffic Monitoring Reports/Site 438,Tweed Heads,RD.1190.20.A,Shallow Bay Drive,Tweed Heads South
Site 439,SLEEPY HOLLOW ROAD off POTTSVILLE ROAD,"-28.418831, 153.522705",https://tweednswgovau.sharepoint.com/sites/Traffic/Traffic Monitoring Reports/Site 439,Sleepy Hollow,RD.1213.10.A,Sleepy Hollow Road,Sleepy Hollow
Site 441,SMITHS CREEK RD at No 888,"-28.408333, 153.403155",https://tweednswgovau.sharepoint.com/sites/Traffic/Traffic Monitoring Reports/Site 441,Stokers Siding,RD.1216.20.A,Smiths Creek Road,Stokers Siding
Site 442,SMITHS CK RD at No 4,"-28.411854, 153.340237",https://tweednswgovau.sharepoint.com/sites/Traffic/Traffic Monitoring Reports/Site 442,Uki,RD.1216.150.A,Smiths Creek Road,Uki
Site 443,SIMPSON DRIVE at No 73,"-28.215816, 153.485016",https://tweednswgovau.sharepoint.com/sites/Traffic/Traffic Monitoring Reports/Site 443,Bilambil Heights,RD.1207.10.A.1,Simpson Drive,Bilambil Heights
Site 444,SIMPSON  DRIVE at No 11,"-28.21246, 153.484441",https://tweednswgovau.sharepoint.com/sites/Traffic/Traffic Monitoring Reports/Site 444,Bilambil Heights,RD.1207.30.A,Simpson Drive,Bilambil Heights
Site 250,LLOYD STREET at No 35,"-28.191336, 153.537967",https://tweednswgovau.sharepoint.com/sites/Traffic/Traffic Monitoring Reports/Site 250,Tweed Heads,RD.746.10.A,Lloyd Street,Tweed Heads South
Site 445,SIMPSON DRIVE at No 83,"-28.21554, 153.483792",https://tweednswgovau.sharepoint.com/sites/Traffic/Traffic Monitoring Reports/Site 445,Bilambil Heights,RD.1207.10.A.1,Simpson Drive,Bilambil Heights
Site 446,SOORLEY STREET at No 6,"-28.204242, 153.545287",https://tweednswgovau.sharepoint.com/sites/Traffic/Traffic Monitoring Reports/Site 446,Tweed Heads,RD.1225.10.A,Soorley Street,Tweed Heads South
Site 447,SOORLEY STREET at No 20,"-28.204678, 153.546919",https://tweednswgovau.sharepoint.com/sites/Traffic/Traffic Monitoring Reports/Site 447,Tweed Heads,RD.1225.10.A,Soorley Street,Tweed Heads South
Site 448,SPRING STREET south of BYANGUM ROAD,"-28.330505, 153.387691",https://tweednswgovau.sharepoint.com/sites/Traffic/Traffic Monitoring Reports/Site 448,Murwillumbah,RD.1229.10.A,Spring Street,Murwillumbah
Site 449,STRADBROKE DRIVE at No 14,"-28.20906, 153.525145",https://tweednswgovau.sharepoint.com/sites/Traffic/Traffic Monitoring Reports/Site 449,Tweed Heads South,RD.1246.10.A,Stradbroke Drive,Banora Point
Site 451,STOKERS ROAD south of SCHOOL,"-28.395368, 153.404086",https://tweednswgovau.sharepoint.com/sites/Traffic/Traffic Monitoring Reports/Site 451,Dunbible,RD.1242.70.A,Stokers Road,Stokers Siding
Site 452,STOKERS ROAD at No 22,"-28.396214, 153.422872",https://tweednswgovau.sharepoint.com/sites/Traffic/Traffic Monitoring Reports/Site 452,Stokers Siding,RD.1242.10.A,Stokers Road,Stokers Siding
Site 453,STOKERS ROAD off MISTRAL ROAD (off Bakers Road),"-28.351333, 153.392736",https://tweednswgovau.sharepoint.com/sites/Traffic/Traffic Monitoring Reports/Site 453,Dunbible,RD.1242.220.A,Stokers Road,Dunbible
Site 454,STOTTS STREET at No15,"-28.193486, 153.494238",https://tweednswgovau.sharepoint.com/sites/Traffic/Traffic Monitoring Reports/Site 454,Tweed Heads West,RD.1245.10.A,Stott Street,Tweed Heads West
Site 260,MARINE PARADE south of the POLICE STATION Special,"-28.25197, 153.572847",https://tweednswgovau.sharepoint.com/sites/Traffic/Traffic Monitoring Reports/Site 260,Kingscliff,RD.777.50.A,Marine Parade,Kingscliff
Site 455,STUART STREET north of BAY STREET,"-28.170703, 153.541939",https://tweednswgovau.sharepoint.com/sites/Traffic/Traffic Monitoring Reports/Site 455,Tweed Heads,RD.1247.10.A,Stuart Street,Tweed Heads
Site 456,SUNSHINE AVENUE at No 2,"-28.192445, 153.533571",https://tweednswgovau.sharepoint.com/sites/Traffic/Traffic Monitoring Reports/Site 456,Tweed Heads,RD.1255.10.A,Sunshine Avenue,Tweed Heads South
Site 458,SUTHERLAND STREET south of VIKING STREET,"-28.264116, 153.580439",https://tweednswgovau.sharepoint.com/sites/Traffic/Traffic Monitoring Reports/Site 458,Salt,RD.1258.40.A,Sutherland Street,Kingscliff
Site 459,SUTHERLAND STREET south of VIKING STREET Special,"-28.26421, 153.58052",https://tweednswgovau.sharepoint.com/sites/Traffic/Traffic Monitoring Reports/Site 459,Salt,RD.1258.40.A,Sutherland Street,Kingscliff
Site 461,TERRACE STREET at No 2,"-28.242376, 153.566275",https://tweednswgovau.sharepoint.com/sites/Traffic/Traffic Monitoring Reports/Site 461,Kingscliff,RD.1273.20.A,Terrace Street,Kingscliff
Site 462,TERRANORA PDE. at No 25,"-28.213396, 153.490213",https://tweednswgovau.sharepoint.com/sites/Traffic/Traffic Monitoring Reports/Site 462,Bilambil Heights,RD.1276.10.A,Terranora Parade,Bilambil Heights
Site 463,THE QUARTERDECK at No 75,"-28.183655, 153.530828",https://tweednswgovau.sharepoint.com/sites/Traffic/Traffic Monitoring Reports/Site 463,Tweed Heads,RD.1301.20.A,The Quarterdeck,Tweed Heads
Site 464,THE QUARTERDECK at No31,"-28.180101, 153.532461",https://tweednswgovau.sharepoint.com/sites/Traffic/Traffic Monitoring Reports/Site 464,Tweed Heads,RD.1301.45.A.1,The Quarterdeck,Tweed Heads
Site 270,M.R.142 KYOGLE ROAD west of UKI  at 50/80Kph sign,"-28.418763,153.323902",https://tweednswgovau.sharepoint.com/sites/Traffic/Traffic Monitoring Reports/Site 270,Uki,RD.711.240.A,Kyogle Road,Uki
Site 465,THE QUARTERDECK at No 19,"-28.179044, 153.532598",https://tweednswgovau.sharepoint.com/sites/Traffic/Traffic Monitoring Reports/Site 465,Tweed Heads,RD.1301.60.A,The Quarterdeck,Tweed Heads
Site 466,TI-TREE AVENUE at No 33,"-28.338095, 153.570587",https://tweednswgovau.sharepoint.com/sites/Traffic/Traffic Monitoring Reports/Site 466,Bogangar,RD.1307.10.A,Ti Tree Avenue,Bogangar
Site 467,TOM MERCHANT DRIVE SEABREEZE SPORTS FIELDS,"-28.381966, 153.55491",https://tweednswgovau.sharepoint.com/sites/Traffic/Traffic Monitoring Reports/Site 467,Pottsville,RD.2417.10.A,Tom Merchant Drive,Pottsville
Site 468,TOM MERCHANT DRIVE south of MACADAMIA DRIVE,"-28.376014, 153.555614",https://tweednswgovau.sharepoint.com/sites/Traffic/Traffic Monitoring Reports/Site 468,Pottsville,RD.2417.20.A,Tom Merchant Drive,Pottsville
Site 469,TOOLONA  AVENUE at No 24,"-28.216926, 153.5426",https://tweednswgovau.sharepoint.com/sites/Traffic/Traffic Monitoring Reports/Site 469,Banora Point,RD.1317.10.A,Toolona Avenue,Banora Point
Site 471,TURNOCK STREET east of ELROND AVENUE,"-28.25742, 153.571533",https://tweednswgovau.sharepoint.com/sites/Traffic/Traffic Monitoring Reports/Site 471,Kingscliff,RD.1340.20.A,Turnock Street,Kingscliff
Site 472,TURNOCK STREET near LIBRARY,"-28.259167, 153.570401",https://tweednswgovau.sharepoint.com/sites/Traffic/Traffic Monitoring Reports/Site 472,Kingscliff,RD.1340.30.A,Turnock Street,Kingscliff
Site 473,TWEED COAST ROAD 200Mts north of BLACK ROCKS BRIDGE,"-28.410103, 153.563448",https://tweednswgovau.sharepoint.com/sites/Traffic/Traffic Monitoring Reports/Site 473,Pottsville,RD.2184.90.A,Tweed Coast Road,Pottsville
Site 474,TWEED COAST ROAD 200Mts south of BLACK ROCKS BRIDGE,"-28.413708, 153.562416",https://tweednswgovau.sharepoint.com/sites/Traffic/Traffic Monitoring Reports/Site 474,Pottsville,RD.2184.90.A,Tweed Coast Road,Pottsville
Site 280,M.R.142 ALMA STREET east of RIVER STREET,"-28.328885,153.401468",https://tweednswgovau.sharepoint.com/sites/Traffic/Traffic Monitoring Reports/Site 280,South Murwillumbah,RD.15.10.A,Alma Street,South Murwillumbah
Site 475,TYALGUM CREEK ROAD west of SCHOOL,"-28.354355, 153.203849",https://tweednswgovau.sharepoint.com/sites/Traffic/Traffic Monitoring Reports/Site 475,Tyalgum Creek,RD.1354.10.A,Tyalgum Creek Road,Tyalgum Creek
Site 476,TYALGUM CREEK ROAD at No 695,"-28.348037, 153.163002",https://tweednswgovau.sharepoint.com/sites/Traffic/Traffic Monitoring Reports/Site 476,Tyalgum Creek,RD.1354.70.A,Tyalgum Creek Road,Tyalgum Creek
Site 477,TYALGUM ROAD off M.R.142 KYOGLE ROAD,"-28.3467, 153.364446",https://tweednswgovau.sharepoint.com/sites/Traffic/Traffic Monitoring Reports/Site 477,Murwillumbah,RD.1357.10.A,Tyalgum Road,Byangum
Site 478,TYALGUM ROAD east  of TYALGUM VILLAGE,"-28.359334, 153.212206",https://tweednswgovau.sharepoint.com/sites/Traffic/Traffic Monitoring Reports/Site 478,Tyalgum,RD.1357.310.A.1,Tyalgum Road,Tyalgum
Site 479,UPPER CRYSTAL CREEK ROAD off NUMINBAH ROAD (M.R.399),"-28.307303, 153.307316",https://tweednswgovau.sharepoint.com/sites/Traffic/Traffic Monitoring Reports/Site 479,Crystal Creek,RD.1367.10.A,Upper Crystal Creek Road,Crystal Creek
Site 481,UPPER CRYSTAL CREEK ROAD north of BOOKA ROAD,"-28.266577, 153.30985",https://tweednswgovau.sharepoint.com/sites/Traffic/Traffic Monitoring Reports/Site 481,Upper Crystal Creek,RD.1367.120.A,Upper Crystal Creek Road,Upper Crystal Creek
Site 483,UPPER DUROBY CREEK ROAD off HOGANS ROAD,"-28.255977, 153.441983",https://tweednswgovau.sharepoint.com/sites/Traffic/Traffic Monitoring Reports/Site 483,North Tumbulgum,RD.1369.10.A,Upper Duroby Creek Road,Upper Duroby
Site 484,URLIUP ROAD off DULGUIGAN ROAD,"-28.290208, 153.388361",https://tweednswgovau.sharepoint.com/sites/Traffic/Traffic Monitoring Reports/Site 484,Urliup,RD.1371.150.A,Urliup Road,Urliup
Site 485,URLIUP ROAD at No 8 BILAMBIL,"-28.224721, 153.465356",https://tweednswgovau.sharepoint.com/sites/Traffic/Traffic Monitoring Reports/Site 485,Bilambil,RD.1371.10.A,Urliup Road,Bilambil
Site 290,M.R.399 NUMINBAH ROAD west of CHILLINGHAM,"-28.306309, 153.273869",https://tweednswgovau.sharepoint.com/sites/Traffic/Traffic Monitoring Reports/Site 290,Numinbah,RD.889.250.A,Numinbah Road,Chillingham
Site 486,VIKING STREET at No 7,"-28.261643, 153.578335",https://tweednswgovau.sharepoint.com/sites/Traffic/Traffic Monitoring Reports/Site 486,Kingscliff,RD.1380.10,Viking Street,Kingscliff
Site 487,VIKING STREET at No 21 (no 467),"-28.261468, 153.576968",https://tweednswgovau.sharepoint.com/sites/Traffic/Traffic Monitoring Reports/Site 487,Kingscliff,RD.1380.10,Viking Street,Kingscliff
Site 488,VINTAGE LAKES DR. off FRASER DRIVE,"-28.209934, 153.523081",https://tweednswgovau.sharepoint.com/sites/Traffic/Traffic Monitoring Reports/Site 488,Tweed Heads South,RD.1382.10.A,Vintage Lakes Drive,Tweed Heads South
Site 489,VINTAGE LAKES DR. at No 54,"-28.210108, 153.517905",https://tweednswgovau.sharepoint.com/sites/Traffic/Traffic Monitoring Reports/Site 489,Tweed Heads South,RD.1382.30.A,Vintage Lakes Drive,Tweed Heads South
Site 491,WARRINGA DRIVE at No 24,"-28.198584, 153.494985",https://tweednswgovau.sharepoint.com/sites/Traffic/Traffic Monitoring Reports/Site 491,Bilambil Heights,RD.1405.10.A,Warringa Drive,Bilambil Heights
Site 492,WARWICK PARK ROAD About 200mts off POTTSVILLE ROAD,"-28.427783, 153.523443",https://tweednswgovau.sharepoint.com/sites/Traffic/Traffic Monitoring Reports/Site 492,Sleepy Hollow,RD.1407.10.A,Warwick Park Road,Sleepy Hollow
Site 493,WARWICK PARK ROAD About 400mts off POTTSVILLE ROAD,"-28.427433, 153.525208",https://tweednswgovau.sharepoint.com/sites/Traffic/Traffic Monitoring Reports/Site 493,Sleepy Hollow,RD.1407.10.A,Warwick Park Road,Sleepy Hollow
Site 494,WAUGH STREET CHINDERAH at No 13,"-28.233318, 153.558481",https://tweednswgovau.sharepoint.com/sites/Traffic/Traffic Monitoring Reports/Site 494,Chinderah,RD.1414.10.A,Waugh Street,Chinderah
Site 495,WAUGH STREET CHINDERAH east bound RAMP TO S.H.10,"-28.233571, 153.560602",https://tweednswgovau.sharepoint.com/sites/Traffic/Traffic Monitoring Reports/Site 495,Chinderah,RD.1414.10.A,Waugh Street,Chinderah
Site 300,M.R.450 COAST ROAD POTTSVILLE SPORTS GROUND Special,"-28.387526,153.565956",https://tweednswgovau.sharepoint.com/sites/Traffic/Traffic Monitoring Reports/Site 300,Pottsville,RD.2184.130.A,Tweed Coast Road,Pottsville
Site 496,WAUGH STREET CHINDERAH off RAMP from S.H.10,"-28.233732, 153.561051",https://tweednswgovau.sharepoint.com/sites/Traffic/Traffic Monitoring Reports/Site 496,Chinderah,RD.1414.10.A,Waugh Street,Chinderah
Site 497,WEST END STREET off BYANGUM ROAD,"-28.326865, 153.391463",https://tweednswgovau.sharepoint.com/sites/Traffic/Traffic Monitoring Reports/Site 497,Murwillumbah,RD.1418.10.A.1,West End Street,Murwillumbah
Site 498,WHARF STREET north of BAY STREET (northbound only) Special,"-28.169867, 153.543584",https://tweednswgovau.sharepoint.com/sites/Traffic/Traffic Monitoring Reports/Site 498,Tweed Heads,RD.1422.70.B,Wharf Street,Tweed Heads
Site 499,WHARF STREET north of BAY STREET,"-28.169875, 153.543635",https://tweednswgovau.sharepoint.com/sites/Traffic/Traffic Monitoring Reports/Site 499,Tweed Heads,RD.1422.82.C,Wharf Street,Tweed Heads
Site 501,WHARF STREET north of FLORENCE STREET,"-28.174646, 153.542203",https://tweednswgovau.sharepoint.com/sites/Traffic/Traffic Monitoring Reports/Site 501,Tweed Heads,RD.1422.55.B,Wharf Street,Tweed Heads
Site 502,WHARF STREET north of BRETT STREET,"-28.176843, 153.54143",https://tweednswgovau.sharepoint.com/sites/Traffic/Traffic Monitoring Reports/Site 502,Tweed Heads,RD.1422.50.B,Wharf Street,Tweed Heads
Site 503,WHARF STREET south of BOYD STREET Special,"-28.180714, 153.539601",https://tweednswgovau.sharepoint.com/sites/Traffic/Traffic Monitoring Reports/Site 503,Tweed Heads,RD.1422.50.B,Wharf Street,Tweed Heads
Site 504,WHARF STREET south of BOYD STREET Special,"-28.180714, 153.539601",https://tweednswgovau.sharepoint.com/sites/Traffic/Traffic Monitoring Reports/Site 504,Tweed Heads,RD.1422.50.B,Wharf Street,Tweed Heads
Site 505,WHARF STREET southbound onto BOYDS BAY BRIDGE Special,"-28.181287, 153.5381",https://tweednswgovau.sharepoint.com/sites/Traffic/Traffic Monitoring Reports/Site 505,Tweed Heads,RD.1422.110.C,Wharf Street,Tweed Heads
Site 310,M.R.541 TERRANORA ROAD at No 802,"-28.246753, 153.486879",https://tweednswgovau.sharepoint.com/sites/Traffic/Traffic Monitoring Reports/Site 310,North Tumbulgum,RD.1277.170.A,Terranora Road,Terranora
Site 506,WILLIAM STREET MURWILLUMBAH at No 5,"-28.328579, 153.38898",https://tweednswgovau.sharepoint.com/sites/Traffic/Traffic Monitoring Reports/Site 506,Murwillumbah,RD.1426.30.A,William Street,Murwillumbah
Site 507,WINDERS PLACE off LEISURE DRIVE,"-28.213677, 153.540352",https://tweednswgovau.sharepoint.com/sites/Traffic/Traffic Monitoring Reports/Site 507,Banora Point,RD.1433.10.A,Winders Place,Banora Point
Site 508,WOMMIN BAY ROAD east of  Special,"-28.237979, 153.562667",https://tweednswgovau.sharepoint.com/sites/Traffic/Traffic Monitoring Reports/Site 508,Chinderah,RD.1437.30.A,Wommin Bay Road,Kingscliff
Site 509,WOMMIN BAY ROAD east of OVERPASS,"-28.237977, 153.562572",https://tweednswgovau.sharepoint.com/sites/Traffic/Traffic Monitoring Reports/Site 509,Chinderah,RD.1437.30.A,Wommin Bay Road,Kingscliff
Site 511,WOMMIN BAY ROAD east of SAND STREET  (Special SLSC),"-28.238149, 153.563995",https://tweednswgovau.sharepoint.com/sites/Traffic/Traffic Monitoring Reports/Site 511,Kingscliff,RD.1437.20.A.1,Wommin Bay Road,Kingscliff
Site 512,WOODLANDS DRIVE at No 18,"-28.215068, 153.530718",https://tweednswgovau.sharepoint.com/sites/Traffic/Traffic Monitoring Reports/Site 512,Banora Point,RD.1441.10.A,Woodlands Drive,Banora Point
Site 513,TWEED COAST ROAD south of POTTSVILLE VILLAGE,"-28.394364, 153.566877",https://tweednswgovau.sharepoint.com/sites/Traffic/Traffic Monitoring Reports/Site 513,Pottsville,RD.2184.90.A,Tweed Coast Road,Pottsville
Site 514,TWEED COAST ROAD south of POTTSVILLE VILLAGE Special,"-28.394653, 153.56678",https://tweednswgovau.sharepoint.com/sites/Traffic/Traffic Monitoring Reports/Site 514,Pottsville,RD.2184.90.A,Tweed Coast Road,Pottsville
Site 320,M.R.679 Tweed Valley Way between TUMBULGUM turn offs,"-28.277824,153.463344",https://tweednswgovau.sharepoint.com/sites/Traffic/Traffic Monitoring Reports/Site 320,Tumbulgum,RD.2194.9330.A,Tweed Valley Way,Tumbulgum
Site 515,WOOYUNG ROAD east of TWEED VALLEY WAY M.R.679,"-28.462857, 153.505098",https://tweednswgovau.sharepoint.com/sites/Traffic/Traffic Monitoring Reports/Site 515,Crabbes Creek,RD.1443.10.A,Wooyung Road,Crabbes Creek
Site 516A,KELLEHERS ROAD east of BLACK ROCKS BRIDGE,"-28.411839, 153.562651",https://tweednswgovau.sharepoint.com/sites/Traffic/Traffic Monitoring Reports/Site 516A,Pottsville,RD.671.30.A,Kellehers Road,Pottsville
Site 517,STUART STREET south of GRIFFITH STREET,"-28.168779, 153.542275",https://tweednswgovau.sharepoint.com/sites/Traffic/Traffic Monitoring Reports/Site 517,Tweed Heads,RD.1247.10.A,Stuart Street,Tweed Heads
Site 518,M.R.399 NUMINBAH ROAD 100 metres west of CHILLINGHAM STORE,"-28.314182, 153.277683",https://tweednswgovau.sharepoint.com/sites/Traffic/Traffic Monitoring Reports/Site 518,Chillingham,RD.889.230.A,Numinbah Road,Chillingham
Site 521,FRANCES STREET MURWILLUMBAH at No2,"-28.325137, 153.38355",https://tweednswgovau.sharepoint.com/sites/Traffic/Traffic Monitoring Reports/Site 521,Murwillumbah,RD.515.10.A,Frances Street,Murwillumbah
Site 522,ROWLANDS CREEK ROAD at No 1453,"-28.414238, 153.336344",https://tweednswgovau.sharepoint.com/sites/Traffic/Traffic Monitoring Reports/Site 522,Uki,USR.1520.20.A,Blacksmiths Lane,Uki
Site 523,NORCO STREET western side of CENOTAPH,"-28.413996, 153.335578",https://tweednswgovau.sharepoint.com/sites/Traffic/Traffic Monitoring Reports/Site 523,Uki,RD.1885.10.A,Norco Street,Uki
Site 525,MARINE PARADE at No 100 (Pub),"-28.255395, 153.576406",https://tweednswgovau.sharepoint.com/sites/Traffic/Traffic Monitoring Reports/Site 525,Kingscliff,RD.777.40.A,Marine Parade,Kingscliff
Site 526,SUTHERLAND STREET at No 2,"-28.25758, 153.57863",https://tweednswgovau.sharepoint.com/sites/Traffic/Traffic Monitoring Reports/Site 526,Kingscliff,RD.1258.10.A,Sutherland Street,Kingscliff
Site 329M-TN,"S.H.10 Pacific Mway north of Wooyung Rd, Mooball","-28.445612,153.502786",https://tweednswgovau.sharepoint.com/sites/Traffic/Traffic Monitoring Reports/Site 329M-TN,Mooball,RD.2194.9020.A,Tweed Valley Way,Mooball
Site 527,SEAVIEW STREET at No 4,"-28.257058, 153.578046",https://tweednswgovau.sharepoint.com/sites/Traffic/Traffic Monitoring Reports/Site 527,Kingscliff,RD.1179.30.A,Seaview Street,Kingscliff
Site 528,TURNOCK STREET east of PEARL STREET,"-28.254823, 153.575067",https://tweednswgovau.sharepoint.com/sites/Traffic/Traffic Monitoring Reports/Site 528,Kingscliff,RD.1340.10.A,Turnock Street,Kingscliff
Site 330,MCALLISTERS ROAD at No 1,"-28.215326, 153.483058",https://tweednswgovau.sharepoint.com/sites/Traffic/Traffic Monitoring Reports/Site 330,Bilambil Heights,RD.792.10.A,McAllisters Road,Bilambil Heights
Site 531,CANE ROAD west of McLEOD STREET,"-28.315563, 153.433538",https://tweednswgovau.sharepoint.com/sites/Traffic/Traffic Monitoring Reports/Site 531,Condong,RD.211.10.A,Cane Road,Condong
Site 532B,PIONEER PARADE at No 82,"-28.221059, 153.545209",https://tweednswgovau.sharepoint.com/sites/Traffic/Traffic Monitoring Reports/Site 532B,Banora Point,RD.1044.40.A,Pioneer Parade,Banora Point
Site 533,PIONEER PARADE at No 64,"-28.218557, 153.545798",https://tweednswgovau.sharepoint.com/sites/Traffic/Traffic Monitoring Reports/Site 533,Banora Point,RD.1044.50.A,Pioneer Parade,Banora Point
Site 534,PIONEER PARADE at No38,"-28.216345, 153.545807",https://tweednswgovau.sharepoint.com/sites/Traffic/Traffic Monitoring Reports/Site 534,Banora Point,RD.1044.67.A,Pioneer Parade,Banora Point
Site 535,WATERFERN PLACE off BARNBY STREET,"-28.328311, 153.381542",https://tweednswgovau.sharepoint.com/sites/Traffic/Traffic Monitoring Reports/Site 535,Murwillumbah,RD.2398.10.A,Waterfern Place,South Murwillumbah
Site 536,WOOYUNG ROAD east of TEA TREE ROAD,"-28.45556, 153.541199",https://tweednswgovau.sharepoint.com/sites/Traffic/Traffic Monitoring Reports/Site 536,Wooyung,RD.1443.100.A,Wooyung Road,Wooyung
Site 537,M.R.679 Tweed Valley Way at No 413,"-28.338672, 153.400964",https://tweednswgovau.sharepoint.com/sites/Traffic/Traffic Monitoring Reports/Site 537,South Murwillumbah,RD.2194.9205.A,Tweed Valley Way,South Murwillumbah
Site 538,SUTHERLAND STREET at No 48,"-28.259678, 153.579793",https://tweednswgovau.sharepoint.com/sites/Traffic/Traffic Monitoring Reports/Site 538,Kingscliff,RD.1258.20.A,Sutherland Street,Kingscliff
Site 539,VINTAGE LAKES DR. at No 40,"-28.208597, 153.518764",https://tweednswgovau.sharepoint.com/sites/Traffic/Traffic Monitoring Reports/Site 539,Tweed Heads South,RD.1382.20.A,Vintage Lakes Drive,Tweed Heads South
Site 541,KENNEDY DRIVE east of McDONALD STREET,"-28.185323, 153.533607",https://tweednswgovau.sharepoint.com/sites/Traffic/Traffic Monitoring Reports/Site 541,Tweed Heads,RD.675.20.A,Kennedy Drive,Tweed Heads
Site 542,WOMMIN BAY ROAD east of SAND STREET,"-28.238293, 153.564887",https://tweednswgovau.sharepoint.com/sites/Traffic/Traffic Monitoring Reports/Site 542,Kingscliff,RD.1437.20.A.1,Wommin Bay Road,Kingscliff
Site 543,M.R.450 COAST ROAD at TRI CARE  Hastings Point,"-28.368276, 153.573586",https://tweednswgovau.sharepoint.com/sites/Traffic/Traffic Monitoring Reports/Site 543,Hastings Point,RD.2184.170.A,Tweed Coast Road,Hastings Point
Site 545,COBAKI ROAD at No 389,"-28.206545, 153.448118",https://tweednswgovau.sharepoint.com/sites/Traffic/Traffic Monitoring Reports/Site 545,Cobaki,RD.306.135.A,Cobaki Road,Cobaki
Site 546,INGRAM PLACE off NORTH ARM ROAD,"-28.336907, 153.367208",https://tweednswgovau.sharepoint.com/sites/Traffic/Traffic Monitoring Reports/Site 546,Murwillumbah,RD.629.10.A,Ingram Place,Murwillumbah
Site 547,M.R.142 KYOGLE ROAD at No 55 (Bray Park Shop),"-28.340768, 153.37474",https://tweednswgovau.sharepoint.com/sites/Traffic/Traffic Monitoring Reports/Site 547,Bray Park,RD.711.470.A,Kyogle Road,Bray Park
Site 548,FRASER DRIVE south of BOTANICAL CIRCUIT,"-28.218887, 153.521331",https://tweednswgovau.sharepoint.com/sites/Traffic/Traffic Monitoring Reports/Site 548,Banora Point,RD.518.45.A,Fraser Drive,Banora Point
Site 549,FRASER DRIVE north of AMAROO DRIVE,"-28.22249, 153.525547",https://tweednswgovau.sharepoint.com/sites/Traffic/Traffic Monitoring Reports/Site 549,Banora Point,RD.518.40.A.1,Fraser Drive,Banora Point
Site 350,MUGGA WAY at No 19,"-28.176213,153.529365",https://tweednswgovau.sharepoint.com/sites/Traffic/Traffic Monitoring Reports/Site 350,Tweed Heads,RD.823.20.B,Miles Street,Tweed Heads
Site 551,ENDEAVOUR PARADE at No 8,"-28.172745, 153.545871",https://tweednswgovau.sharepoint.com/sites/Traffic/Traffic Monitoring Reports/Site 551,Tweed Heads,RD.462.20.A,Endeavour Parade,Tweed Heads
Site 552B,TYALGUM ROAD west of Sovereign Way,"-28.345928, 153.35927",https://tweednswgovau.sharepoint.com/sites/Traffic/Traffic Monitoring Reports/Site 552B,Murwillumbah,RD.1357.40.A,Tyalgum Road,Byangum
Site 553,TYALGUM ROAD near No 126,"-28.344426, 153.35398",https://tweednswgovau.sharepoint.com/sites/Traffic/Traffic Monitoring Reports/Site 553,Eungella,RD.1357.50.A,Tyalgum Road,Eungella
Site 554,CLOTHIERS CREEK ROAD west of SLIPRAILS ROAD,"-28.330727, 153.54687",https://tweednswgovau.sharepoint.com/sites/Traffic/Traffic Monitoring Reports/Site 554,Tanglewood,RD.279.20.A,Clothiers Creek Road,Bogangar
Site 555,HASTINGS ROAD at No 56,"-28.333316, 153.569297",https://tweednswgovau.sharepoint.com/sites/Traffic/Traffic Monitoring Reports/Site 555,Bogangar,RD.582.40.A,Hastings Road,Bogangar
Site 556,CANE ROAD west of TUMBULGUM ROAD,"-28.312611, 153.428008",https://tweednswgovau.sharepoint.com/sites/Traffic/Traffic Monitoring Reports/Site 556,Tygalgah,RD.211.20.A,Cane Road,Tygalgah
Site 557,TWEED COAST ROAD south of CORONATION AVENUE,"-28.389388, 153.56536",https://tweednswgovau.sharepoint.com/sites/Traffic/Traffic Monitoring Reports/Site 557,Pottsville,RD.2184.100.A,Tweed Coast Road,Pottsville
Site 558,"KINGSCLIFF STREET at No 33 (No 31, No 35)","-28.248087, 153.569108",https://tweednswgovau.sharepoint.com/sites/Traffic/Traffic Monitoring Reports/Site 558,Kingscliff,RD.694.40.A,Kingscliff Street,Kingscliff
Site 559,CASUARINA WAY at No 552,"-28.300785, 153.571296",https://tweednswgovau.sharepoint.com/sites/Traffic/Traffic Monitoring Reports/Site 559,Casuarina,RD.233.50.A,Casuarina Way,Casuarina
Site 360,NULLUM STREET south of JAMES STREET,"-28.333525, 153.392344",https://tweednswgovau.sharepoint.com/sites/Traffic/Traffic Monitoring Reports/Site 360,Murwillumbah,RD.888.60.A,Nullum Street,Murwillumbah
Site 561,CASUARINA WAY at No 344/No 348,"-28.286055, 153.573073",https://tweednswgovau.sharepoint.com/sites/Traffic/Traffic Monitoring Reports/Site 561,Salt,RD.233.70.A.1,Casuarina Way,Kingscliff
Site 562,KIRKWOOD ROAD west of Falcon Way (east of cemetery entrance),"-28.197385, 153.535409",https://tweednswgovau.sharepoint.com/sites/Traffic/Traffic Monitoring Reports/Site 562,Tweed Heads,RD.701.35.A,Kirkwood Road,Tweed Heads South
Site 563,M.R.399 NUMINBAH ROAD near No 1983 NUMINBAH ROAD,"-28.277283, 153.253136",https://tweednswgovau.sharepoint.com/sites/Traffic/Traffic Monitoring Reports/Site 563,Numinbah,RD.889.310.A,Numinbah Road,Numinbah
Site 564,QUIGAN STREET at No 28,"-28.259384, 153.574551",https://tweednswgovau.sharepoint.com/sites/Traffic/Traffic Monitoring Reports/Site 564,Kingscliff,RD.1077.30.A,Quigan Street,Kingscliff
Site 565,TAMARIND AVENUE at No 10,"-28.328543, 153.566751",https://tweednswgovau.sharepoint.com/sites/Traffic/Traffic Monitoring Reports/Site 565,Bogangar,RD.1263.20.A.1,Tamarind Avenue,Bogangar
Site 566,M.R.450 POTTSVILLE ROAD east of No 1128,"-28.38909, 153.558734",https://tweednswgovau.sharepoint.com/sites/Traffic/Traffic Monitoring Reports/Site 566,Pottsville,RD.1058.220.A,Pottsville Road,Pottsville
Site 567B,BOOKA ROAD at No61,"-28.26507, 153.305798",https://tweednswgovau.sharepoint.com/sites/Traffic/Traffic Monitoring Reports/Site 567B,Upper Crystal Creek,RD.175.30.A,Booka Road,Upper Crystal Creek
Site 568,BUCHANAN STREET at SHIRE DEPOT,"-28.327471, 153.409624",https://tweednswgovau.sharepoint.com/sites/Traffic/Traffic Monitoring Reports/Site 568,South Murwillumbah,RD.182.10.A.1,Buchanan Street,South Murwillumbah
Site 569,BUCHANAN STREET at No 1985 NUMINBAH ROAD,"-28.328853, 153.409404",https://tweednswgovau.sharepoint.com/sites/Traffic/Traffic Monitoring Reports/Site 569,South Murwillumbah,RD.182.20.A.1,Buchanan Street,South Murwillumbah
Site 571B,KANES ROAD west of HIGHWAY CROSSING BRIDGE,"-28.373458, 153.524218",https://tweednswgovau.sharepoint.com/sites/Traffic/Traffic Monitoring Reports/Site 571B,Cudgera Creek,RD.660.10.A,Kanes Road,Round Mountain
Site 572,M.R.142 KYOGLE ROAD east of KUNGHUR VILLAGE,"-28.471801, 153.257296",https://tweednswgovau.sharepoint.com/sites/Traffic/Traffic Monitoring Reports/Site 572,Kunghur,RD.711.170.A,Kyogle Road,Kunghur
Site 573,PIGGABEEN RD at No 581,"-28.189181, 153.460526",https://tweednswgovau.sharepoint.com/sites/Traffic/Traffic Monitoring Reports/Site 573,Piggabeen,RD.1032.130.A,Piggabeen Road,Piggabeen
Site 574C,ROSE STREET at No 17,"-28.186087, 153.52271",https://tweednswgovau.sharepoint.com/sites/Traffic/Traffic Monitoring Reports/Site 574C,Tweed Heads,RD.1136.10.A,Rose Street,Tweed Heads West
Site 575,ROSE STREET at No 9,"-28.184922, 153.522898",https://tweednswgovau.sharepoint.com/sites/Traffic/Traffic Monitoring Reports/Site 575,Tweed Heads,RD.1136.10.A,Rose Street,Tweed Heads West
Site 576,SCENIC DRIVE south of MOUNT BILINGA CIRCUIT,"-28.204604, 153.490112",https://tweednswgovau.sharepoint.com/sites/Traffic/Traffic Monitoring Reports/Site 576,Bilambil Heights,RD.1173.50.C,Scenic Drive,Bilambil Heights
Site 380,PIGGABEEN RD at No 783,"-28.193389, 153.446269",https://tweednswgovau.sharepoint.com/sites/Traffic/Traffic Monitoring Reports/Site 380,Piggabeen,RD.1032.185.A,Piggabeen Road,Piggabeen
Site 577,M.R.142 KYOGLE ROAD west of BAKERS ROAD,"-28.356532, 153.360428",https://tweednswgovau.sharepoint.com/sites/Traffic/Traffic Monitoring Reports/Site 577,Byangum,RD.711.435.A.1,Kyogle Road,Byangum
Site 578,ARKINSTALL PARK off CUNNINGHAM STREET,"-28.19378, 153.536196",https://tweednswgovau.sharepoint.com/sites/Traffic/Traffic Monitoring Reports/Site 578,Tweed Heads,RD.378.20.A,Cunningham Street,Tweed Heads South
Site 579,ARKINSTALL PARK near SOCCER CLUB,"-28.19553, 153.53649",https://tweednswgovau.sharepoint.com/sites/Traffic/Traffic Monitoring Reports/Site 579,Tweed Heads,RD.936.10.A.1,Oxley Street,Tweed Heads South
Site 581,AIRFIELD AVENUE at  No 9,"-28.331165, 153.414881",https://tweednswgovau.sharepoint.com/sites/Traffic/Traffic Monitoring Reports/Site 581,South Murwillumbah,RD.9.10.A,Airfield Avenue,South Murwillumbah
Site 582,QUARRY ROAD south of LUNDBERG DRIVE,"-28.330739, 153.41537",https://tweednswgovau.sharepoint.com/sites/Traffic/Traffic Monitoring Reports/Site 582,South Murwillumbah,RD.1072.40.A,Quarry Road,South Murwillumbah
Site 583,BAKERS ROAD at No 117,"-28.350228, 153.390875",https://tweednswgovau.sharepoint.com/sites/Traffic/Traffic Monitoring Reports/Site 583,Dunbible,RD.57.10.A,Bakers Road,Dunbible
Site 584,BRETT STREET east of BOYD STREET,"-28.177786, 153.540304",https://tweednswgovau.sharepoint.com/sites/Traffic/Traffic Monitoring Reports/Site 584,Tweed Heads,RD.167.20.A,Brett Street,Tweed Heads
Site 585,BRETT STREET west of BOYD STREET @ No 4,"-28.177412, 153.539049",https://tweednswgovau.sharepoint.com/sites/Traffic/Traffic Monitoring Reports/Site 585,Tweed Heads,RD.167.20.A,Brett Street,Tweed Heads
Site 586,BYANGUM ROAD west of MYRTLE STREET @ No86,"-28.331136, 153.384786",https://tweednswgovau.sharepoint.com/sites/Traffic/Traffic Monitoring Reports/Site 586,Murwillumbah,RD.196.90.A.1,Byangum Road,Murwillumbah
Site 390,POWELL STREET north of FLORENCE STREET,"-28.176028, 153.544319",https://tweednswgovau.sharepoint.com/sites/Traffic/Traffic Monitoring Reports/Site 390,Tweed Heads,RD.1062.20.A,Powell Street,Tweed Heads
Site 587,DURANBAH ROAD at No 36,"-28.283922, 153.522045",https://tweednswgovau.sharepoint.com/sites/Traffic/Traffic Monitoring Reports/Site 587,Duranbah,RD.429.10.A,Duranbah Road,Duranbah
Site 588,OVERALL DRIVE at No 71,"-28.401151, 153.562748",https://tweednswgovau.sharepoint.com/sites/Traffic/Traffic Monitoring Reports/Site 588,Pottsville,RD.932.60.A,Overall Drive,Pottsville
Site 589,OYSTER POINT ROAD at No 25,"-28.215334, 153.550286",https://tweednswgovau.sharepoint.com/sites/Traffic/Traffic Monitoring Reports/Site 589,Banora Point,RD.937.30.A,Oyster Point Road,Banora Point
Site 591,M.R.450 COAST ROAD at No 62 POTTSVILLE,"-28.381099, 153.568031",https://tweednswgovau.sharepoint.com/sites/Traffic/Traffic Monitoring Reports/Site 591,Pottsville,RD.2184.145.A,Tweed Coast Road,Pottsville
Site 592,M.R.679 Tweed Valley Way north of CRABBES CREEK ROAD,"-28.453954, 153.498519",https://tweednswgovau.sharepoint.com/sites/Traffic/Traffic Monitoring Reports/Site 592,Crabbes Creek,RD.2194.9010.A,Tweed Valley Way,Crabbes Creek
Site 593A,HILLCREST AVE at  No 80,"-28.2052, 153.517066",https://tweednswgovau.sharepoint.com/sites/Traffic/Traffic Monitoring Reports/Site 593A,Tweed Heads South,RD.601.10.A,Hillcrest Avenue,Tweed Heads South
Site 594,ALTAIR STREET at No 38,"-28.196234, 153.547844",https://tweednswgovau.sharepoint.com/sites/Traffic/Traffic Monitoring Reports/Site 594,Tweed Heads,RD.20.10.A.1,Altair Street,Tweed Heads South
Site 595,CLOTHIERS CREEK ROAD at No 720,"-28.332491, 153.486198",https://tweednswgovau.sharepoint.com/sites/Traffic/Traffic Monitoring Reports/Site 595,Clothiers Creek,RD.279.100.A.1,Clothiers Creek Road,Clothiers Creek
Site 596,COOLOON CRESCENT TWEED HEADS at No 39,"-28.197021, 153.547359",https://tweednswgovau.sharepoint.com/sites/Traffic/Traffic Monitoring Reports/Site 596,Tweed Heads,RD.335.20.A,Cooloon Crescent,Tweed Heads South
Site 400,QUIGAN STREET at No 6,"-28.259771, 153.57699",https://tweednswgovau.sharepoint.com/sites/Traffic/Traffic Monitoring Reports/Site 400,Kingscliff,RD.1077.10.A,Quigan Street,Kingscliff
Site 597,CUDGEN ROAD at No 529 north of Fruit Stall,"-28.271501, 153.545119",https://tweednswgovau.sharepoint.com/sites/Traffic/Traffic Monitoring Reports/Site 597,Stotts Creek,RD.365.90.A,Cudgen Road,Cudgen
Site 598B,M.R.679 Tweed Valley Way north of CANE ROAD,"-28.314039, 153.435889",https://tweednswgovau.sharepoint.com/sites/Traffic/Traffic Monitoring Reports/Site 598B,Condong,RD.2194.9290.A,Tweed Valley Way,Condong
Site 599A,BROADWAY at No 35,"-28.434705, 153.469397",https://tweednswgovau.sharepoint.com/sites/Traffic/Traffic Monitoring Reports/Site 599A,Burringbar,RD.189.10.A,Burringbar Road,Burringbar
Site 601,ELANORA AVENUE at No 66,"-28.381845, 153.568882",https://tweednswgovau.sharepoint.com/sites/Traffic/Traffic Monitoring Reports/Site 601,Pottsville,RD.448.20.A,Elanora Avenue,Pottsville
Site 602,CRESCENT STREET at No 32,"-28.261407, 153.556782",https://tweednswgovau.sharepoint.com/sites/Traffic/Traffic Monitoring Reports/Site 602,Cudgen,RD.359.20.A,Crescent Street,Cudgen
Site 603,M.R.142 KYOGLE ROAD east of BYRRIL CREEK ROAD at No 2129,"-28.435554, 153.282585",https://tweednswgovau.sharepoint.com/sites/Traffic/Traffic Monitoring Reports/Site 603,Terragon,RD.711.200.A.1,Kyogle Road,Terragon
Site 604,M.R.142 KYOGLE ROAD 700 mts west of BYRRIL CREEK ROAD,"-28.442341, 153.283297",https://tweednswgovau.sharepoint.com/sites/Traffic/Traffic Monitoring Reports/Site 604,Terragon,RD.711.200.A.1,Kyogle Road,Terragon
Site 605,M.R.142 WOLLUMBIN STREET at No 1,"-28.327973, 153.398536",https://tweednswgovau.sharepoint.com/sites/Traffic/Traffic Monitoring Reports/Site 605,Murwillumbah,RD.1435.40.A,Wollumbin Street,Murwillumbah
Site 606,M.R.679 Tweed Valley Way at No 9345   OAKS AVENUE n/bound,"-28.262841, 153.518109",https://tweednswgovau.sharepoint.com/sites/Traffic/Traffic Monitoring Reports/Site 606,Chinderah,RD.2194.9420.A,Tweed Valley Way,Chinderah
Site 410,RIVERSIDE DRIVE off TWEED VALLEY WAY southern end,"-28.279599,153.461506",https://tweednswgovau.sharepoint.com/sites/Traffic/Traffic Monitoring Reports/Site 410,Tumbulgum,RD.1124.20.A,Riverside Drive,Tumbulgum
Site 607,M.R.679 Tweed Valley Way at No 9345   OAKS AVENUE s/bound,"-28.259691, 153.522875",https://tweednswgovau.sharepoint.com/sites/Traffic/Traffic Monitoring Reports/Site 607,Chinderah,RD.2194.9480.A,Tweed Valley Way,Chinderah
Site 608,MCPHAIL AVENUE at No 21,"-28.261561, 153.574145",https://tweednswgovau.sharepoint.com/sites/Traffic/Traffic Monitoring Reports/Site 608,Kingscliff,RD.809.30.A,McPhail Avenue,Kingscliff
Site 609B,MURPHYS ROAD at No 15,"-28.236844, 153.566072",https://tweednswgovau.sharepoint.com/sites/Traffic/Traffic Monitoring Reports/Site 609B,Kingscliff,RD.855.10.A,Murphys Road,Kingscliff
Site 611,EVIRON ROAD at No 631,"-28.311135, 153.498473",https://tweednswgovau.sharepoint.com/sites/Traffic/Traffic Monitoring Reports/Site 611,Eviron,RD.474.60.A,Eviron Road,Eviron
Site 612,SIMPSON  DRIVE at No 19,"-28.212629, 153.485114",https://tweednswgovau.sharepoint.com/sites/Traffic/Traffic Monitoring Reports/Site 612,Bilambil Heights,RD.1207.30.A,Simpson Drive,Bilambil Heights
Site 613,LENNOX  CIRCUIT at No 113,"-28.386219, 153.550073",https://tweednswgovau.sharepoint.com/sites/Traffic/Traffic Monitoring Reports/Site 613,Pottsville,RD.2352.10.A,Lennox Circuit,Pottsville
Site 614,MARINERS CRESCENT at No 49,"-28.235536, 153.538861",https://tweednswgovau.sharepoint.com/sites/Traffic/Traffic Monitoring Reports/Site 614,Banora Point,RD.779.20.A,Mariners Crescent,Banora Point
Site 615,OLD FERRY ROAD north of BOSUN BOULEVARD,"-28.234152, 153.541902",https://tweednswgovau.sharepoint.com/sites/Traffic/Traffic Monitoring Reports/Site 615,Banora Point,RD.913.30.C,Old Ferry Road,Banora Point
Site 616,LEISURE DRIVE west of FRASER DRIVE,"-28.213306, 153.521997",https://tweednswgovau.sharepoint.com/sites/Traffic/Traffic Monitoring Reports/Site 616,Banora Point,RD.734.85.B.1,Leisure Drive,Banora Point
Site 420,ROUND MOUNTAIN ROAD west of WATY BISHOP ROAD,"-28.348031, 153.523899",https://tweednswgovau.sharepoint.com/sites/Traffic/Traffic Monitoring Reports/Site 420,Reserve Creek,RD.1145.80.A,Round Mountain Road,Round Mountain
Site 617,M.R.679 Tweed Valley Way north of LEDDAYS CREEK ROAD,"-28.275646, 153.499888",https://tweednswgovau.sharepoint.com/sites/Traffic/Traffic Monitoring Reports/Site 617,Stotts Creek,RD.2194.9380.A,Tweed Valley Way,Stotts Creek
Site 618,AGNES STREET at No 2,"-28.189593, 153.540455",https://tweednswgovau.sharepoint.com/sites/Traffic/Traffic Monitoring Reports/Site 618,Tweed Heads,RD.8.10.A,Agnes Street,Tweed Heads South
Site 421A,SIERRA VISTA BUOLEVARD at No 15,"-28.217316,153.486939",https://tweednswgovau.sharepoint.com/sites/Traffic/Traffic Monitoring Reports/Site 421A,Bilambil Heights,RD.1201.10.A,Sierra Vista Boulevard,Bilambil Heights
Site 619,WILLIAM STREET MURWILLUMBAH at No 40,"-28.32801, 153.382653",https://tweednswgovau.sharepoint.com/sites/Traffic/Traffic Monitoring Reports/Site 619,Murwillumbah,RD.1426.60.A,William Street,Murwillumbah
Site 621,DRY DOCK ROAD at No 120,"-28.193042, 153.526167",https://tweednswgovau.sharepoint.com/sites/Traffic/Traffic Monitoring Reports/Site 621,Tweed Heads,RD.418.60.A.1,Dry Dock Road,Tweed Heads South
Site 622,COMMERCIAL ROAD at No 103,"-28.334505, 153.396847",https://tweednswgovau.sharepoint.com/sites/Traffic/Traffic Monitoring Reports/Site 622,Murwillumbah,RD.317.70.A,Commercial Road,Murwillumbah
Site 623B,BALLINA STREET at No 37,"-28.386351, 153.555208",https://tweednswgovau.sharepoint.com/sites/Traffic/Traffic Monitoring Reports/Site 623B,Pottsville,RD.2205.20.A,Ballina Street,Pottsville
Site 624A,M.R.450 COAST ROAD north of YUGARI DRIVE,"-28.361101, 153.575557",https://tweednswgovau.sharepoint.com/sites/Traffic/Traffic Monitoring Reports/Site 624A,Hastings Point,RD.2184.180.A,Tweed Coast Road,Hastings Point
Site 625,MCPHAIL AVENUE at No 5,"-28.260299, 153.57581",https://tweednswgovau.sharepoint.com/sites/Traffic/Traffic Monitoring Reports/Site 625,Kingscliff,RD.809.10.A,McPhail Avenue,Kingscliff
Site 626,SEABREEZE BOULEVARD at No 42,"-28.385252, 153.554743",https://tweednswgovau.sharepoint.com/sites/Traffic/Traffic Monitoring Reports/Site 626,Pottsville,RD.2206.40.A,Seabreeze Boulevard,Pottsville
Site 627,HILLCREST AVE at No 13,"-28.200707, 153.516443",https://tweednswgovau.sharepoint.com/sites/Traffic/Traffic Monitoring Reports/Site 627,Tweed Heads South,RD.601.40.A,Hillcrest Avenue,Tweed Heads South
Site 428A-M-TN,S.H.10 Pacific Mway at Terranora Creek Tweed Heads South,"-28.190731,153.526536",https://tweednswgovau.sharepoint.com/sites/Traffic/Traffic Monitoring Reports/Site 428A-M-TN,Tweed Heads,RD.1194.10.A,Shearwater Parade,Tweed Heads
Site 628,BAKER STREET at No 24,"-28.32876, 153.38239",https://tweednswgovau.sharepoint.com/sites/Traffic/Traffic Monitoring Reports/Site 628,Murwillumbah,RD.55.20.A,Baker Street,Murwillumbah
Site 629,JOHNSON STREET off PIONEER PARADE,"-28.223318, 153.544823",https://tweednswgovau.sharepoint.com/sites/Traffic/Traffic Monitoring Reports/Site 629,Banora Point,RD.652.10.A,Johnson Street,Banora Point
Site 428B-TN,Duringan St Currumbin west of Mitchell Avenue,"-28.137650, 153.475150",https://tweednswgovau.sharepoint.com/sites/Traffic/Traffic Monitoring Reports/Site 428B-TN,Currumbin,RD.2351.10.A,Jabiru Drive,Cobaki Lakes
Site 631,LEISURE DRIVE off DARLINGTON DRIVE,"-28.214257, 153.541893",https://tweednswgovau.sharepoint.com/sites/Traffic/Traffic Monitoring Reports/Site 631,Banora Point,RD.734.10.A,Leisure Drive,Banora Point
Site 428C-TN,Tugun-Currumbin Road Currumbin - east of M1,"-28.144840,153.484670",https://tweednswgovau.sharepoint.com/sites/Traffic/Traffic Monitoring Reports/Site 428C-TN,Currumbin,USR.916.10.A,Sandy Lane,Cobaki Lakes
Site 632,BRISBANE STREET north of PROUDFOOTS LANE,"-28.326823, 153.393584",https://tweednswgovau.sharepoint.com/sites/Traffic/Traffic Monitoring Reports/Site 632,Murwillumbah,RD.888.10.A,Nullum Street,Murwillumbah
Site 634,DULGUIGAN ROAD at No 701,"-28.275074, 153.443306",https://tweednswgovau.sharepoint.com/sites/Traffic/Traffic Monitoring Reports/Site 634,Dulguigan,RD.422.130.A,Dulguigan Road,North Tumbulgum
Site 428D-TN,Boyd Street Tugun east of Irene Street,"-28.153560,153.496040",https://tweednswgovau.sharepoint.com/sites/Traffic/Traffic Monitoring Reports/Site 428D-TN,Tugun,RD.931.20.A.1,Ourimbah Road,Tweed Heads
Site 635,SCENIC DRIVE at No 18,"-28.214008, 153.483245",https://tweednswgovau.sharepoint.com/sites/Traffic/Traffic Monitoring Reports/Site 635,Bilambil Heights,RD.1173.70.A.1,Scenic Drive,Bilambil Heights
Site 636,BILAMBIL ROAD just north of No 393,"-28.223541, 153.467349",https://tweednswgovau.sharepoint.com/sites/Traffic/Traffic Monitoring Reports/Site 636,Bilambil,RD.110.100.A,Bilambil Road,Bilambil Heights
Site 428E-M-TN,S.H.10 Pacific Motorway Tweed Heads east of M1,"-28.177027,153.521546",https://tweednswgovau.sharepoint.com/sites/Traffic/Traffic Monitoring Reports/Site 428E-M-TN,Tweed Heads West,RD.931.20.A.1,Ourimbah Road,Tweed Heads
Site 637,M.R.142 KYOGLE ROAD at No 8 BRAY PARK,"-28.336927, 153.379848",https://tweednswgovau.sharepoint.com/sites/Traffic/Traffic Monitoring Reports/Site 637,Bray Park,RD.711.480.A,Kyogle Road,Bray Park
Site 638,SASSAFRASS STREET at No 64,"-28.374129, 153.557645",https://tweednswgovau.sharepoint.com/sites/Traffic/Traffic Monitoring Reports/Site 638,Pottsville,RD.1166.40.A,Sassafras Street,Pottsville
Site 428M-TN,S.H.10 Pacific Mway at Tugun Bypass Bilinga,"-28.158106,153.491131",https://tweednswgovau.sharepoint.com/sites/Traffic/Traffic Monitoring Reports/Site 428M-TN,Tugun,RD.2429.10.A,Tulgi Way,Tweed Heads West
Site 639,GOLLAN DRIVE at No 51,"-28.196057, 153.507047",https://tweednswgovau.sharepoint.com/sites/Traffic/Traffic Monitoring Reports/Site 639,Tweed Heads West,RD.547.10.A,Gollan Drive,Tweed Heads West
Site 430,S.H.10 south of TWEED Valley Way.,"-28.261664, 153.528441",https://tweednswgovau.sharepoint.com/sites/Traffic/Traffic Monitoring Reports/Site 430,Chinderah,RD.2194.9480.A,Tweed Valley Way,Chinderah
Site 641,OLD FERRY ROAD at No 7 MURWILLUMBAH,"-28.326372, 153.402948",https://tweednswgovau.sharepoint.com/sites/Traffic/Traffic Monitoring Reports/Site 641,Murwillumbah,RD.912.10.A,Old Ferry Road,Murwillumbah
Site 642,M.R.399 NUMINBAH ROAD at No 1031 CRYSTAL CREEK,"-28.307901, 153.306481",https://tweednswgovau.sharepoint.com/sites/Traffic/Traffic Monitoring Reports/Site 642,Crystal Creek,RD.889.190.A,Numinbah Road,Crystal Creek
Site 643,PIGGABEEN RD west of EVA CRESCENT,"-28.191034, 153.448756",https://tweednswgovau.sharepoint.com/sites/Traffic/Traffic Monitoring Reports/Site 643,Piggabeen,RD.1032.170.A,Piggabeen Road,Piggabeen
Site 644,PARK AVENUE at No 36,"-28.341125, 153.373058",https://tweednswgovau.sharepoint.com/sites/Traffic/Traffic Monitoring Reports/Site 644,Bray Park,RD.993.10.A,Park Avenue,Bray Park
Site 645,FLORENCE STREET east of WHARF STREET,"-28.175856, 153.542127",https://tweednswgovau.sharepoint.com/sites/Traffic/Traffic Monitoring Reports/Site 645,Tweed Heads,RD.506.20.A.1,Florence Street,Tweed Heads
Site 646,M.R.142 KYOGLE ROAD at No 1529 in UKI,"-28.415223, 153.328169",https://tweednswgovau.sharepoint.com/sites/Traffic/Traffic Monitoring Reports/Site 646,Uki,RD.711.260.A,Kyogle Road,Uki
Site 647,URLIUP ROAD at No 39 in BILAMBIL,"-28.224732, 153.462125",https://tweednswgovau.sharepoint.com/sites/Traffic/Traffic Monitoring Reports/Site 647,Bilambil,RD.1371.30.A,Urliup Road,Bilambil
Site 648,COMMERCIAL ROAD at No 69,"-28.331787, 153.397031",https://tweednswgovau.sharepoint.com/sites/Traffic/Traffic Monitoring Reports/Site 648,Murwillumbah,RD.317.50.A,Commercial Road,Murwillumbah
Site 649,WARDROP STREET at No 33,"-28.332916, 153.400004",https://tweednswgovau.sharepoint.com/sites/Traffic/Traffic Monitoring Reports/Site 649,South Murwillumbah,RD.1399.35.A,Wardrop Street,South Murwillumbah
Site 440,SMITHS CREEK RD at No 1073,"-28.398426,153.401699",https://tweednswgovau.sharepoint.com/sites/Traffic/Traffic Monitoring Reports/Site 440,Stokers Siding,RD.1216.20.A,Smiths Creek Road,Stokers Siding
Site 651,M.R.450 COAST ROAD south of ROUND MOUNTAIN ROAD,"-28.349831, 153.570221",https://tweednswgovau.sharepoint.com/sites/Traffic/Traffic Monitoring Reports/Site 651,Bogangar,RD.2184.210.A,Tweed Coast Road,Cabarita Beach
Site 652,MCAULEYS ROAD off DULGUIGAN ROAD,"-28.270341, 153.471029",https://tweednswgovau.sharepoint.com/sites/Traffic/Traffic Monitoring Reports/Site 652,North Tumbulgum,RD.793.130.A,McAuleys Road,North Tumbulgum
Site 654,M.R.142 WOLLUMBIN STREET at No 121,"-28.327213, 153.393137",https://tweednswgovau.sharepoint.com/sites/Traffic/Traffic Monitoring Reports/Site 654,Murwillumbah,RD.1435.20.A,Wollumbin Street,Murwillumbah
Site 655,NULLUM STREET south of CONDONG STREET,"-28.331258, 153.392785",https://tweednswgovau.sharepoint.com/sites/Traffic/Traffic Monitoring Reports/Site 655,Murwillumbah,RD.888.40.A,Nullum Street,Murwillumbah
Site 656,BURRINGBAR ROAD at No 139,"-28.438873, 153.459458",https://tweednswgovau.sharepoint.com/sites/Traffic/Traffic Monitoring Reports/Site 656,Burringbar,RD.189.30.A,Burringbar Road,Burringbar
Site 657,ADELAIDE STREET at No 61,"-28.181257, 153.536745",https://tweednswgovau.sharepoint.com/sites/Traffic/Traffic Monitoring Reports/Site 657,Tweed Heads,RD.4.10.A,Adelaide Street,Tweed Heads
Site 658B,DOROTHY STREET at No 9,"-28.325966, 153.383992",https://tweednswgovau.sharepoint.com/sites/Traffic/Traffic Monitoring Reports/Site 658B,Murwillumbah,RD.411.20.A,Dorothy Street,Murwillumbah
Site 659,POTTSVILLE ROAD at No 638,"-28.414116, 153.528134",https://tweednswgovau.sharepoint.com/sites/Traffic/Traffic Monitoring Reports/Site 659,Sleepy Hollow,RD.1058.110.A,Pottsville Road,Sleepy Hollow
Site 661,CHARLES STREET MURWILLUMBAH at No 39,"-28.324625, 153.404512",https://tweednswgovau.sharepoint.com/sites/Traffic/Traffic Monitoring Reports/Site 661,Murwillumbah,RD.248.20.A,Charles Street,Murwillumbah
Site 450,STOKERS ROAD at RICHARDS DEVIATION,"-28.380662, 153.40153",https://tweednswgovau.sharepoint.com/sites/Traffic/Traffic Monitoring Reports/Site 450,Dunbible,RD.1242.130.A.1,Stokers Road,Dunbible
Site 662,CASUARINA WAY at No 478,"-28.296145, 153.571322",https://tweednswgovau.sharepoint.com/sites/Traffic/Traffic Monitoring Reports/Site 662,Casuarina,RD.233.58.A,Casuarina Way,Casuarina
Site 663A,FRANCES STREET west of WHARF STREET,"-28.173347, 153.542186",https://tweednswgovau.sharepoint.com/sites/Traffic/Traffic Monitoring Reports/Site 663A,Tweed Heads,RD.514.50.A,Frances Street,Tweed Heads
Site 664B,M.R.143 TOMEWIN ROAD 100 metres east of SANDERSONS PLACE,"-28.286993, 153.379263",https://tweednswgovau.sharepoint.com/sites/Traffic/Traffic Monitoring Reports/Site 664B,Dungay,RD.1314.90.A,Tomewin Road,Dungay
Site 665,CLOTHIERS CREEK ROAD at No 587,"-28.331768, 153.476391",https://tweednswgovau.sharepoint.com/sites/Traffic/Traffic Monitoring Reports/Site 665,Clothiers Creek,RD.279.110.A,Clothiers Creek Road,Clothiers Creek
Site 666,EVIRON ROAD 200 metres west of NORTHS LANE,"-28.31169, 153.463837",https://tweednswgovau.sharepoint.com/sites/Traffic/Traffic Monitoring Reports/Site 666,Eviron,RD.474.140.A,Eviron Road,Eviron
Site 667,EVIRON ROAD 200 metres north of NORTHS LANE,"-28.310768, 153.466985",https://tweednswgovau.sharepoint.com/sites/Traffic/Traffic Monitoring Reports/Site 667,Eviron,RD.474.120.A,Eviron Road,Eviron
Site 668,CASUARINA WAY at No 421,"-28.292313, 153.572607",https://tweednswgovau.sharepoint.com/sites/Traffic/Traffic Monitoring Reports/Site 668,Casuarina,RD.233.60.A,Casuarina Way,Casuarina
Site 671B,M.R.142 KYOGLE ROAD at No 2757 KUNGHUR VILLAGE,"-28.470265, 153.2534",https://tweednswgovau.sharepoint.com/sites/Traffic/Traffic Monitoring Reports/Site 671B,Kunghur,RD.711.170.A,Kyogle Road,Kunghur
Site 460,SUTHERLAND STREET south of VIKING STREET (Special SLSC),"-28.264284, 153.580575",https://tweednswgovau.sharepoint.com/sites/Traffic/Traffic Monitoring Reports/Site 460,Salt,RD.1258.40.A,Sutherland Street,Kingscliff
Site 672,FLORENCE STREET west of PEARL STREET,"-28.175256,153.537956",https://tweednswgovau.sharepoint.com/sites/Traffic/Traffic Monitoring Reports/Site 672,Tweed Heads,RD.506.50.A,Florence Street,Tweed Heads
Site 673B,RECREATION STREET at No 12,"-28.176194, 153.538778",https://tweednswgovau.sharepoint.com/sites/Traffic/Traffic Monitoring Reports/Site 673B,Tweed Heads,RD.1097.10.A,Recreation Street,Tweed Heads
Site 674,MCALLISTERS ROAD at No 31,"-28.214483, 153.478876",https://tweednswgovau.sharepoint.com/sites/Traffic/Traffic Monitoring Reports/Site 674,Bilambil Heights,RD.792.45.A,McAllisters Road,Bilambil Heights
Site 675,SEASIDE DRIVE at No 44,"-28.285723, 153.574672",https://tweednswgovau.sharepoint.com/sites/Traffic/Traffic Monitoring Reports/Site 675,Casuarina,RD.2419.10.A,Seaside Drive,Casuarina
Site 676A,BUCKINGHAM DRIVE at No 4,"-28.403043, 153.56142",https://tweednswgovau.sharepoint.com/sites/Traffic/Traffic Monitoring Reports/Site 676A,Pottsville,RD.184.10.A,Buckingham Drive,Pottsville
Site 677A,LUNDBERG DRIVE at No 39,"-28.332853, 153.420856",https://tweednswgovau.sharepoint.com/sites/Traffic/Traffic Monitoring Reports/Site 677A,South Murwillumbah,RD.756.30.A,Lundberg Drive,South Murwillumbah
Site 678C,EVIRON ROAD at No 719,"-28.310403, 153.508404",https://tweednswgovau.sharepoint.com/sites/Traffic/Traffic Monitoring Reports/Site 678C,Eviron,RD.474.50.A,Eviron Road,Eviron
Site 679,HOLDEN STREET at No 7,"-28.193501, 153.531233",https://tweednswgovau.sharepoint.com/sites/Traffic/Traffic Monitoring Reports/Site 679,Tweed Heads,RD.609.10.A,Holden Street,Tweed Heads South
Site 681,MITCHELL STREET east of CHURCH HILL,"-28.414717, 153.336172",https://tweednswgovau.sharepoint.com/sites/Traffic/Traffic Monitoring Reports/Site 681,Uki,RD.834.10.A,Mitchell Street,Uki
Site 470,TUMBULGUM ROAD at No 37,"-28.325143,153.406371",https://tweednswgovau.sharepoint.com/sites/Traffic/Traffic Monitoring Reports/Site 470,Murwillumbah,RD.1334.40.A,Tumbulgum Road,Murwillumbah
Site 682,RICHARDS DEVIATION off TWEED VALLEY WAY,"-28.387903, 153.419042",https://tweednswgovau.sharepoint.com/sites/Traffic/Traffic Monitoring Reports/Site 682,Dunbible,RD.1112.10.A,Richards Deviation,Dunbible
Site 683B,FINGAL ROAD 20 metres north of No 63,"-28.204892, 153.565364",https://tweednswgovau.sharepoint.com/sites/Traffic/Traffic Monitoring Reports/Site 683B,Fingal,RD.493.60.A.1,Fingal Road,Fingal Head
Site 684,MOSS STREET at No 6-10 (No 12),"-28.259464, 153.581199",https://tweednswgovau.sharepoint.com/sites/Traffic/Traffic Monitoring Reports/Site 684,Kingscliff,RD.847.10.A,Moss Street,Kingscliff
Site 685,INLET DRIVE at No 48,"-28.194297, 153.504767",https://tweednswgovau.sharepoint.com/sites/Traffic/Traffic Monitoring Reports/Site 685,Tweed Heads West,RD.630.10.A,Inlet Drive,Tweed Heads West
Site 686,TULGI WAY 200mts north of CARRAMAR DRIVE,"-28.188059, 153.499705",https://tweednswgovau.sharepoint.com/sites/Traffic/Traffic Monitoring Reports/Site 686,Tweed Heads West,RD.2429.10.A,Tulgi Way,Tweed Heads West
Site 687B,M.R.679 Tweed Valley Way north of MINNIE PERKINS ROAD,"-28.361573, 153.409836",https://tweednswgovau.sharepoint.com/sites/Traffic/Traffic Monitoring Reports/Site 687B,Fernvale,RD.2194.9170.A,Tweed Valley Way,Fernvale
Site 688,M.R.679 Tweed Valley Way north of FERNVALE ROAD,"-28.364971, 153.411604",https://tweednswgovau.sharepoint.com/sites/Traffic/Traffic Monitoring Reports/Site 688,Fernvale,RD.2194.9170.A,Tweed Valley Way,Fernvale
Site 689B,M.R.679 Tweed Valley Way 600 mts north of HOWARDS ROAD,"-28.41584, 153.453151",https://tweednswgovau.sharepoint.com/sites/Traffic/Traffic Monitoring Reports/Site 689B,Burringbar,RD.2194.9080.A,Tweed Valley Way,Burringbar
Site 691,PARK STREET at No 9,"-28.17841, 153.537892",https://tweednswgovau.sharepoint.com/sites/Traffic/Traffic Monitoring Reports/Site 691,Tweed Heads,RD.994.10.A.1,Park Street,Tweed Heads
Site 480,UPPER CRYSTAL CREEK ROAD south of BOOKA ROAD,"-28.267978, 153.309375",https://tweednswgovau.sharepoint.com/sites/Traffic/Traffic Monitoring Reports/Site 480,Upper Crystal Creek,RD.1367.110.A,Upper Crystal Creek Road,Upper Crystal Creek
Site 692,DARLINGTON DRIVE at No 148,"-28.223369, 153.54089",https://tweednswgovau.sharepoint.com/sites/Traffic/Traffic Monitoring Reports/Site 692,Banora Point,RD.388.60.A,Darlington Drive,Banora Point
Site 693,BAKERS ROAD off M.R.142 KYOGLE ROAD at No 522,"-28.357063, 153.364307",https://tweednswgovau.sharepoint.com/sites/Traffic/Traffic Monitoring Reports/Site 693,Byangum,RD.57.50.A.1,Bakers Road,Byangum
Site 694,CLOTHIERS CREEK ROAD at No 1051,"-28.329661, 153.51475",https://tweednswgovau.sharepoint.com/sites/Traffic/Traffic Monitoring Reports/Site 694,Clothiers Creek,RD.279.70.A,Clothiers Creek Road,Clothiers Creek
Site 695,CLOTHIERS CREEK ROAD at No 1017,"-28.330341, 153.513825",https://tweednswgovau.sharepoint.com/sites/Traffic/Traffic Monitoring Reports/Site 695,Clothiers Creek,RD.279.70.A,Clothiers Creek Road,Clothiers Creek
Site 696A,M.R.679 Tweed Valley Way 200mts sth of nthrn RIVERSIDE DRIVE entrance N/bound,"-28.273074, 153.466372",https://tweednswgovau.sharepoint.com/sites/Traffic/Traffic Monitoring Reports/Site 696A,Tumbulgum,RD.2194.9330.A,Tweed Valley Way,Tumbulgum
Site 697,PIONEER PARADE at No 130,"-28.226159, 153.543034",https://tweednswgovau.sharepoint.com/sites/Traffic/Traffic Monitoring Reports/Site 697,Banora Point,RD.1044.20.A,Pioneer Parade,Banora Point
Site 698,ENID STREET at No 31,"-28.17386, 153.540294",https://tweednswgovau.sharepoint.com/sites/Traffic/Traffic Monitoring Reports/Site 698,Tweed Heads,RD.463.10.A.1,Enid Street,Tweed Heads
Site 699,ROUS RIVER WAY outside No 24 SILKPOD AVENUE,"-28.325796, 153.380135",https://tweednswgovau.sharepoint.com/sites/Traffic/Traffic Monitoring Reports/Site 699,Murwillumbah,RD.2400.30.A,Rous River Way,Murwillumbah
Site 490,WARDROP VALLEY ROAD off LUNDBERG DRIVE,"-28.338949, 153.419829",https://tweednswgovau.sharepoint.com/sites/Traffic/Traffic Monitoring Reports/Site 490,South Murwillumbah,RD.1400.80.A,Wardrop Valley Road,Wardrop Valley
Site 702,CUDGEN ROAD west of PLANTATION ROAD,"-28.274476, 153.543748",https://tweednswgovau.sharepoint.com/sites/Traffic/Traffic Monitoring Reports/Site 702,Stotts Creek,RD.365.100.A,Cudgen Road,Cudgen
Site 703,DARLINGTON DRIVE 50 metres south of LEISURE/DARLINGTON DRIVES,"-28.21298, 153.533908",https://tweednswgovau.sharepoint.com/sites/Traffic/Traffic Monitoring Reports/Site 703,Banora Point,RD.388.120.A,Darlington Drive,Banora Point
Site 704,GOLLAN DRIVE at No 8,"-28.191532, 153.507831",https://tweednswgovau.sharepoint.com/sites/Traffic/Traffic Monitoring Reports/Site 704,Tweed Heads West,RD.547.30.A,Gollan Drive,Tweed Heads West
Site 705,HILL STREET at No 14,"-28.167072, 153.549091",https://tweednswgovau.sharepoint.com/sites/Traffic/Traffic Monitoring Reports/Site 705,Tweed Heads,RD.600.10.A.1,Hill Street,Tweed Heads
Site 706,HARWARD STREET off WILLIAM STREET,"-28.327772, 153.386998",https://tweednswgovau.sharepoint.com/sites/Traffic/Traffic Monitoring Reports/Site 706,Murwillumbah,RD.581.20.A,Harwood Street,Murwillumbah
Site 707,KENT STREET south of MURRABA CRESCENT,"-28.176608, 153.532189",https://tweednswgovau.sharepoint.com/sites/Traffic/Traffic Monitoring Reports/Site 707,Tweed Heads,RD.677.10.A,Kent Street,Tweed Heads
Site 708,M.R.142 KYOGLE ROAD east of CLARRIE HALL DAM ROAD,"-28.428402, 153.316784",https://tweednswgovau.sharepoint.com/sites/Traffic/Traffic Monitoring Reports/Site 708,Uki,RD.711.225.A,Kyogle Road,Uki
Site 709A,PHILIP STREET POTTSVILLE off TWEED COAST ROAD,"-28.391149, 153.565032",https://tweednswgovau.sharepoint.com/sites/Traffic/Traffic Monitoring Reports/Site 709A,Pottsville,RD.932.10.A.1,Overall Drive,Pottsville
Site 712,URLIUP ROAD at No 393,"-28.23941, 153.434698",https://tweednswgovau.sharepoint.com/sites/Traffic/Traffic Monitoring Reports/Site 712,Urliup,RD.1371.70.A,Urliup Road,Bilambil
Site 500,WHARF STREET north of FRANCES STREETS,"-28.171835, 153.543238",https://tweednswgovau.sharepoint.com/sites/Traffic/Traffic Monitoring Reports/Site 500,Tweed Heads,RD.1422.60.B,Wharf Street,Tweed Heads
Site 713,VIKING STREET at No 35,"-28.260939, 153.576028",https://tweednswgovau.sharepoint.com/sites/Traffic/Traffic Monitoring Reports/Site 713,Kingscliff,RD.1380.10,Viking Street,Kingscliff
Site 714,STEEP STREET east of ADELAIDE STREET,"-28.178828, 153.537181",https://tweednswgovau.sharepoint.com/sites/Traffic/Traffic Monitoring Reports/Site 714,Tweed Heads,RD.1238.10.A,Steep Street,Tweed Heads
Site 715,DULGUIGAN ROAD just east of QUARRY ACCESS,"-28.279605, 153.437859",https://tweednswgovau.sharepoint.com/sites/Traffic/Traffic Monitoring Reports/Site 715,Dulguigan,RD.422.150.A,Dulguigan Road,Dulguigan
Site 716C,ENTERPRISE AVENUE south of TRADER WAY,"-28.20442, 153.534527",https://tweednswgovau.sharepoint.com/sites/Traffic/Traffic Monitoring Reports/Site 716C,Tweed Heads,RD.464.20.A,Enterprise Avenue,Tweed Heads South
Site 717,LORIEN WAY at No 3,"-28.250973, 153.565484",https://tweednswgovau.sharepoint.com/sites/Traffic/Traffic Monitoring Reports/Site 717,Kingscliff,RD.458.40.A,Elrond Drive,Kingscliff
Site 718,INLET DRIVE at No 11,"-28.19133, 153.506312",https://tweednswgovau.sharepoint.com/sites/Traffic/Traffic Monitoring Reports/Site 718,Tweed Heads West,RD.630.10.A,Inlet Drive,Tweed Heads West
Site 719,INLET DRIVE at No 30,"-28.192497, 153.505543",https://tweednswgovau.sharepoint.com/sites/Traffic/Traffic Monitoring Reports/Site 719,Tweed Heads West,RD.630.10.A,Inlet Drive,Tweed Heads West
Site 722,PANORAMA DRIVE at No 68,"-28.193324, 153.504171",https://tweednswgovau.sharepoint.com/sites/Traffic/Traffic Monitoring Reports/Site 722,Tweed Heads West,RD.991.40.A,Panorama Drive,Tweed Heads West
Site 723,PANORAMA DRIVE at No 82,"-28.192141, 153.504339",https://tweednswgovau.sharepoint.com/sites/Traffic/Traffic Monitoring Reports/Site 723,Tweed Heads West,RD.991.50.A,Panorama Drive,Tweed Heads West
Site 510,WOMMIN BAY ROAD east of SAND STREET Special,"-28.238222, 153.564488",https://tweednswgovau.sharepoint.com/sites/Traffic/Traffic Monitoring Reports/Site 510,Kingscliff,RD.1437.20.A.1,Wommin Bay Road,Kingscliff
Site 724,FARRANTS ROAD at No 119,"-28.31627, 153.478515",https://tweednswgovau.sharepoint.com/sites/Traffic/Traffic Monitoring Reports/Site 724,Farrants Hill,RD.483.40.A,Farrants Road,Eviron
Site 725,NORTH ARM ROAD west of SCHOOL ROUNDABOUT,"-28.334692, 153.361956",https://tweednswgovau.sharepoint.com/sites/Traffic/Traffic Monitoring Reports/Site 725,Murwillumbah,RD.883.40.A,North Arm Road,Murwillumbah
Site 726,NORTH ARM ROAD east of SCHOOL DROP OFF BAY,"-28.33522, 153.36357",https://tweednswgovau.sharepoint.com/sites/Traffic/Traffic Monitoring Reports/Site 726,Murwillumbah,RD.883.30.A,North Arm Road,Murwillumbah
Site 727,NORTH ARM ROAD east of OLD LISMORE ROAD,"-28.337001, 153.365841",https://tweednswgovau.sharepoint.com/sites/Traffic/Traffic Monitoring Reports/Site 727,Murwillumbah,RD.883.30.A,North Arm Road,Murwillumbah
Site 728,TOM MERCHANT DRIVE,"-28.383835, 153.554675",https://tweednswgovau.sharepoint.com/sites/Traffic/Traffic Monitoring Reports/Site 728,Pottsville,RD.2417.10.A,Tom Merchant Drive,Pottsville
Site 729,BILAMBIL ROAD south of SCHOOL CROSSING,"-28.222811, 153.458876",https://tweednswgovau.sharepoint.com/sites/Traffic/Traffic Monitoring Reports/Site 729,Carool,RD.220.10.A,Carool Road,Bilambil
Site 731,CASUARINA WAY at No 598,"-28.30483, 153.57094",https://tweednswgovau.sharepoint.com/sites/Traffic/Traffic Monitoring Reports/Site 731,Casuarina,RD.233.50.A,Casuarina Way,Casuarina
Site 516B,ZARA ROAD west of CHILLINGHAM,"-28.313921,153.272705",https://tweednswgovau.sharepoint.com/sites/Traffic/Traffic Monitoring Reports/Site 516B,Zara,RD.1463.10.A,Zara Road,Zara
Site 732B,M.R.450 COAST ROAD 130mts north of Sandlewood Drive,"-28.340291, 153.572088",https://tweednswgovau.sharepoint.com/sites/Traffic/Traffic Monitoring Reports/Site 732B,Cabarita Beach,RD.2184.230.A.1,Tweed Coast Road,Cabarita Beach
Site 733,BRISBANE STREET south of WOLLUMBIN STREET,"-28.327747, 153.39573",https://tweednswgovau.sharepoint.com/sites/Traffic/Traffic Monitoring Reports/Site 733,Murwillumbah,RD.170.30.A.1,Brisbane Street,Murwillumbah
Site 734,SECOND AVENUE at No 9,"-28.183803, 153.534384",https://tweednswgovau.sharepoint.com/sites/Traffic/Traffic Monitoring Reports/Site 734,Tweed Heads,RD.1181.10.A,Second Avenue,Tweed Heads
Site 520,M.R.679 Tweed Valley Way at No 508,"-28.345207,153.401141",https://tweednswgovau.sharepoint.com/sites/Traffic/Traffic Monitoring Reports/Site 520,South Murwillumbah,RD.2194.9195.A,Tweed Valley Way,South Murwillumbah
Site 735,M.R.450 CORONATION AVENUE at No 37,"-28.389759, 153.560646",https://tweednswgovau.sharepoint.com/sites/Traffic/Traffic Monitoring Reports/Site 735,Pottsville,RD.339.10.A,Coronation Avenue,Pottsville
Site 736A,M.R.541 TERRANORA ROAD 330metres south of BALFOURS ROAD,"-28.251039, 153.477153",https://tweednswgovau.sharepoint.com/sites/Traffic/Traffic Monitoring Reports/Site 736A,Bungalora,RD.1277.200.A,Terranora Road,Bungalora
Site 737,M.R.541 TERRANORA ROAD at No 410,"-28.236049, 153.518387",https://tweednswgovau.sharepoint.com/sites/Traffic/Traffic Monitoring Reports/Site 737,Banora Point,RD.1277.90.A,Terranora Road,Terranora
Site 738,BRISBANE STREET north of KING STREET,"-28.328505, 153.395611",https://tweednswgovau.sharepoint.com/sites/Traffic/Traffic Monitoring Reports/Site 738,Murwillumbah,RD.170.30.A.1,Brisbane Street,Murwillumbah
Site 739,BRISBANE STREET BUS BAY LANE ONLY,"-28.328108, 153.395548",https://tweednswgovau.sharepoint.com/sites/Traffic/Traffic Monitoring Reports/Site 739,Murwillumbah,RD.170.30.A.1,Brisbane Street,Murwillumbah
Site 741,TOMBONDA ROAD at No 45,"-28.334697, 153.373393",https://tweednswgovau.sharepoint.com/sites/Traffic/Traffic Monitoring Reports/Site 741,Murwillumbah,RD.350.10.A,Countryside Drive,Murwillumbah
Site 742,CALOOLA DRIVE at No 28,"-28.177426, 153.526274",https://tweednswgovau.sharepoint.com/sites/Traffic/Traffic Monitoring Reports/Site 742,Tweed Heads,RD.206.50.A,Caloola Drive,Tweed Heads
Site 743,KURRAJONG PLACE at No 37,"-28.333488, 153.564798",https://tweednswgovau.sharepoint.com/sites/Traffic/Traffic Monitoring Reports/Site 743,Bogangar,RD.709.20.A,Kurrajong Avenue,Bogangar
Site 530,STRADBROKE DRIVE at No 4,"-28.209767, 153.524374",https://tweednswgovau.sharepoint.com/sites/Traffic/Traffic Monitoring Reports/Site 530,Tweed Heads South,RD.1246.10.A,Stradbroke Drive,Banora Point
Site 744,M.R.541 TERRANORA ROAD at No 392,"-28.235896, 153.520527",https://tweednswgovau.sharepoint.com/sites/Traffic/Traffic Monitoring Reports/Site 744,Banora Point,RD.1277.90.A,Terranora Road,Terranora
Site 745,M.R.541 TERRANORA ROAD at No 780/No 772,"-28.246475, 153.488794",https://tweednswgovau.sharepoint.com/sites/Traffic/Traffic Monitoring Reports/Site 745,North Tumbulgum,RD.1277.170.A,Terranora Road,Terranora
Site 532A,MURWILLUMBAH STREET at No 147,"-28.325986,153.392837",https://tweednswgovau.sharepoint.com/sites/Traffic/Traffic Monitoring Reports/Site 532A,Murwillumbah,RD.857.40.A.1,Murwillumbah Street,Murwillumbah
Site 746A,CREEK STREET at No19,"-28.356605, 153.571349",https://tweednswgovau.sharepoint.com/sites/Traffic/Traffic Monitoring Reports/Site 746A,Hastings Point,RD.358.20.A,Creek Street,Hastings Point
Site 747,LEISURE DRIVE at No 57-59,"-28.213661, 153.537396",https://tweednswgovau.sharepoint.com/sites/Traffic/Traffic Monitoring Reports/Site 747,Banora Point,RD.734.20.A,Leisure Drive,Banora Point
Site 748,M.R.541 TERRANORA ROAD just north of  TUMBULGUM BRIDGE,"-28.269629, 153.468253",https://tweednswgovau.sharepoint.com/sites/Traffic/Traffic Monitoring Reports/Site 748,North Tumbulgum,RD.1277.280.A,Terranora Road,North Tumbulgum
Site 749,DARLINGTON DRIVE at No 220,"-28.22632, 153.536563",https://tweednswgovau.sharepoint.com/sites/Traffic/Traffic Monitoring Reports/Site 749,Banora Point,RD.388.90.A,Darlington Drive,Banora Point
Site 751,M.R.450 COAST ROAD at No 38 CABARITA BEACH,"-28.332024, 153.569586",https://tweednswgovau.sharepoint.com/sites/Traffic/Traffic Monitoring Reports/Site 751,Bogangar,RD.2184.240.A,Tweed Coast Road,Cabarita Beach
Site 752,M.R.450 COAST ROAD at No 57 CABARITA BEACH,"-28.333005, 153.570254",https://tweednswgovau.sharepoint.com/sites/Traffic/Traffic Monitoring Reports/Site 752,Bogangar,RD.2184.235.A,Tweed Coast Road,Cabarita Beach
Site 753,ENID STREET at No 38,"-28.174339, 153.540103",https://tweednswgovau.sharepoint.com/sites/Traffic/Traffic Monitoring Reports/Site 753,Tweed Heads,RD.463.10.A.1,Enid Street,Tweed Heads
Site 754,CUDGEN ROAD above Motorway,"-28.279587, 153.520086",https://tweednswgovau.sharepoint.com/sites/Traffic/Traffic Monitoring Reports/Site 754,Stotts Creek,RD.365.140.A,Cudgen Road,Stotts Creek
Site 540,BURRINGBAR ROAD at No 363,"-28.443599,153.441515",https://tweednswgovau.sharepoint.com/sites/Traffic/Traffic Monitoring Reports/Site 540,Upper Burringbar,RD.189.90.A,Burringbar Road,Upper Burringbar
Site 755,M.R.541 TERRANORA ROAD at No 470,"-28.238839, 153.513375",https://tweednswgovau.sharepoint.com/sites/Traffic/Traffic Monitoring Reports/Site 755,Banora Point,RD.1277.100.A,Terranora Road,Terranora
Site 756,TYALGUM ROAD west of SHARPS ROAD,"-28.350256, 153.336449",https://tweednswgovau.sharepoint.com/sites/Traffic/Traffic Monitoring Reports/Site 756,Eungella,RD.1357.80.A,Tyalgum Road,Eungella
Site 757,M.R.142 KYOGLE ROAD north of SMITHS CREEK ROAD (west of Braeside Dr),"-28.410783, 153.338957",https://tweednswgovau.sharepoint.com/sites/Traffic/Traffic Monitoring Reports/Site 757,Uki,RD.711.305.A,Kyogle Road,Uki
Site 778,M.R.679 Tweed Valley Way at No 8450,"-28.294202, 153.459437",https://tweednswgovau.sharepoint.com/sites/Traffic/Traffic Monitoring Reports/Site 778,Eviron,RD.2194.9315.A,Tweed Valley Way,Tumbulgum
Site 550,TAMARIND AVENUE at No1,"-28.328718, 153.567925",https://tweednswgovau.sharepoint.com/sites/Traffic/Traffic Monitoring Reports/Site 550,Bogangar,RD.1263.10.A,Tamarind Avenue,Bogangar
Site 552A,BANKS AVENUE at No 8,"-28.178908,153.546401",https://tweednswgovau.sharepoint.com/sites/Traffic/Traffic Monitoring Reports/Site 552A,Tweed Heads,RD.71.20.A,Banks Avenue,Tweed Heads
Site 560,KEITH COMPTON DRIVE at No 88,"-28.181565, 153.545671",https://tweednswgovau.sharepoint.com/sites/Traffic/Traffic Monitoring Reports/Site 560,Tweed Heads,RD.669.55.A,Keith Compton Drive,Tweed Heads
Site 0,Location for documents and reports which don't have site numbers,,https://tweednswgovau.sharepoint.com/sites/Traffic/Traffic Monitoring Reports/Site 0,,,,
Site 680,M.R.450 Coast Road 70 meters north of Tamarind Avenue (also 14 Cabarita),"-28.328183,153.568586",https://tweednswgovau.sharepoint.com/sites/Traffic/Traffic Monitoring Reports/Site 680,Bogangar,RD.2184.245.A,Tweed Coast Road,Cabarita Beach
Site 567A,M.R.450 CORONATION AVENUE at No 20,"-28.389833,153.562555",https://tweednswgovau.sharepoint.com/sites/Traffic/Traffic Monitoring Reports/Site 567A,Pottsville,RD.339.15.A,Coronation Avenue,Pottsville
Site 623A,DARLINGTON DRIVE at No 160,"-28.224364,153.540456",https://tweednswgovau.sharepoint.com/sites/Traffic/Traffic Monitoring Reports/Site 623A,Banora Point,RD.388.60.A,Darlington Drive,Banora Point
Site 609A,ROUND MOUNTAIN ROAD at No 229,"-28.359415,153.553221",https://tweednswgovau.sharepoint.com/sites/Traffic/Traffic Monitoring Reports/Site 609A,Bogangar,RD.1145.40.A,Round Mountain Road,Round Mountain
Site 620A,POTTSVILLE ROAD at No 943,"-28.392754,153.541002",https://tweednswgovau.sharepoint.com/sites/Traffic/Traffic Monitoring Reports/Site 620A,Cudgera Creek,RD.1058.150.A,Pottsville Road,Cudgera Creek
Site 620B,NULLUM STREET at No 8,"-28.326841,153.393574",https://tweednswgovau.sharepoint.com/sites/Traffic/Traffic Monitoring Reports/Site 620B,Murwillumbah,RD.888.10.A,Nullum Street,Murwillumbah
Site 570,CANE ROAD 200mts east of RACECOURSE ROAD,"-28.309759,153.413156",https://tweednswgovau.sharepoint.com/sites/Traffic/Traffic Monitoring Reports/Site 570,Tygalgah,RD.211.50.A,Cane Road,Tygalgah
Site 574B,PIONEER PARADE at No 101,"-28.223546,153.544213",https://tweednswgovau.sharepoint.com/sites/Traffic/Traffic Monitoring Reports/Site 574B,Banora Point,RD.1044.20.A,Pioneer Parade,Banora Point
Site 571A,KANES ROAD east of HIGHWAY CROSSING BRIDGE,"-28.37331,153.525227",https://tweednswgovau.sharepoint.com/sites/Traffic/Traffic Monitoring Reports/Site 571A,Cudgera Creek,RD.660.10.A,Kanes Road,Round Mountain
Site 599B,M.R.679 Tweed Valley Way north of CLOTHIERS CREEK ROAD,"-28.310408,153.436578",https://tweednswgovau.sharepoint.com/sites/Traffic/Traffic Monitoring Reports/Site 599B,Condong,RD.2194.9300.A,Tweed Valley Way,Condong
Site 624B,M.R.541 TERRANORA ROAD 300 metres north of COOKWOOD DRIVE,"-28.260021,153.471922",https://tweednswgovau.sharepoint.com/sites/Traffic/Traffic Monitoring Reports/Site 624B,North Tumbulgum,RD.1277.240.A,Terranora Road,North Tumbulgum
Site 663B,BARREL STREET at No 26,"-28.278827,153.576929",https://tweednswgovau.sharepoint.com/sites/Traffic/Traffic Monitoring Reports/Site 663B,Salt,RD.2291.20.A,Barrel Street,Kingscliff
Site 663C,HEFFRON STREET west of SEYMOUR STREET,"-28.194598,153.53939",https://tweednswgovau.sharepoint.com/sites/Traffic/Traffic Monitoring Reports/Site 663C,Tweed Heads,RD.589.30.A,Heffron Street,Tweed Heads South
Site 574A,PIONEER PARADE at No 92,"-28.22199,153.545041",https://tweednswgovau.sharepoint.com/sites/Traffic/Traffic Monitoring Reports/Site 574A,Banora Point,RD.1044.40.A,Pioneer Parade,Banora Point
Site 664A,CLOTHIERS CREEK ROAD 60 mts west of No 575,"-28.331055,153.476214",https://tweednswgovau.sharepoint.com/sites/Traffic/Traffic Monitoring Reports/Site 664A,Clothiers Creek,RD.279.110.A,Clothiers Creek Road,Clothiers Creek
Site 664C,MARINE PARADE at No 272,"-28.239718,153.567239",https://tweednswgovau.sharepoint.com/sites/Traffic/Traffic Monitoring Reports/Site 664C,Kingscliff,RD.777.80.A,Marine Parade,Kingscliff
Site 671A,TYALGUM ROAD at No 526,"-28.352575,153.318058",https://tweednswgovau.sharepoint.com/sites/Traffic/Traffic Monitoring Reports/Site 671A,Eungella,RD.1357.100.A,Tyalgum Road,Eungella
Site 673A,MCLEOD STREET at No 84,"-28.309529,153.43483",https://tweednswgovau.sharepoint.com/sites/Traffic/Traffic Monitoring Reports/Site 673A,Condong,RD.807.40.A,McLeod Street,Condong
Site 676B,CASSIA CRESCENT at No 9,"-28.217713,153.5237",https://tweednswgovau.sharepoint.com/sites/Traffic/Traffic Monitoring Reports/Site 676B,Banora Point,RD.228.10.A,Cassia Crescent,Banora Point
Site 677B,EDWARD AVENUE POTTSVILLE at No 2,"-28.402502,153.559172",https://tweednswgovau.sharepoint.com/sites/Traffic/Traffic Monitoring Reports/Site 677B,Pottsville,RD.446.10.A,Edward Avenue,Pottsville
Site 678A,SMITHS CREEK RD at No 809,"-28.416042,153.403093",https://tweednswgovau.sharepoint.com/sites/Traffic/Traffic Monitoring Reports/Site 678A,Stokers Siding,RD.1216.30.A,Smiths Creek Road,Stokers Siding
Site 678B,EMPIRE LANE west of BERYL STREET,"-28.17166,153.54174",https://tweednswgovau.sharepoint.com/sites/Traffic/Traffic Monitoring Reports/Site 678B,Tweed Heads,RD.1682.10.A,Empire Lane,Tweed Heads
Site 683A,COLLIER STREET at No 12,"-28.262809,153.556208",https://tweednswgovau.sharepoint.com/sites/Traffic/Traffic Monitoring Reports/Site 683A,Cudgen,RD.313.20.A,Collier Street,Cudgen
Site 687A,SEABREEZE BOULEVARD west of BALLINA STREET,"-28.38584,153.552184",https://tweednswgovau.sharepoint.com/sites/Traffic/Traffic Monitoring Reports/Site 687A,Pottsville,RD.2206.50.A,Seabreeze Boulevard,Pottsville
Site 580,OXLEY STREET off KIRKWOOD ROAD (ARKINSTALL PARK),"-28.19722,153.538323",https://tweednswgovau.sharepoint.com/sites/Traffic/Traffic Monitoring Reports/Site 580,Tweed Heads,RD.936.10.A.1,Oxley Street,Tweed Heads South
Site 689A,ELISTON STREET at No 7,"-28.272134,153.577903",https://tweednswgovau.sharepoint.com/sites/Traffic/Traffic Monitoring Reports/Site 689A,Salt,RD.2254.10.A,Elliston Street,Kingscliff
Site 696B,M.R.679 Tweed Valley Way 200mts south of northern RIVERSIDE DRIVE entrance,"-28.273074,153.466372",https://tweednswgovau.sharepoint.com/sites/Traffic/Traffic Monitoring Reports/Site 696B,Tumbulgum,RD.2194.9330.A,Tweed Valley Way,Tumbulgum
Site 709B,MCPHAIL AVENUE at No 18,"-28.260807,153.575222",https://tweednswgovau.sharepoint.com/sites/Traffic/Traffic Monitoring Reports/Site 709B,Kingscliff,RD.809.20.A,McPhail Avenue,Kingscliff
Site 716A,DULGUIGAN ROAD just west of QUARRY ACCESS,"-28.280295,153.436567",https://tweednswgovau.sharepoint.com/sites/Traffic/Traffic Monitoring Reports/Site 716A,Dulguigan,RD.422.150.A,Dulguigan Road,Dulguigan
Site 716B,TRADERS WAY off GREENWAY DRIVE,"-28.203948,153.535147",https://tweednswgovau.sharepoint.com/sites/Traffic/Traffic Monitoring Reports/Site 716B,Tweed Heads,RD.1322.10.A,Traders Way,Tweed Heads South
Site 732A,BALMORAL STREET at No 14,"-28.401295,153.560615",https://tweednswgovau.sharepoint.com/sites/Traffic/Traffic Monitoring Reports/Site 732A,Pottsville,RD.66.10.A,Balmoral Street,Pottsville
Site 736B,SEAVIEW STREET at No 20,"-28.258305,153.577838",https://tweednswgovau.sharepoint.com/sites/Traffic/Traffic Monitoring Reports/Site 736B,Kingscliff,RD.1179.20.A,Seaview Street,Kingscliff
Site 746B,MOOBALL STREET at No 6,"-28.321476,153.397757",https://tweednswgovau.sharepoint.com/sites/Traffic/Traffic Monitoring Reports/Site 746B,Murwillumbah,RD.840.10.A,Mooball Street,Murwillumbah
Site 590,SAND STREET at No 3,"-28.240548,153.563167",https://tweednswgovau.sharepoint.com/sites/Traffic/Traffic Monitoring Reports/Site 590,Kingscliff,RD.1157.40.A,Sand Street,Kingscliff
Site 598A,HOLDEN STREET at No 2,"-28.192661,153.531382",https://tweednswgovau.sharepoint.com/sites/Traffic/Traffic Monitoring Reports/Site 598A,Tweed Heads,RD.609.10.A,Holden Street,Tweed Heads South
Site 593B,PIGGABEEN RD at No 15,"-28.189956,153.504298",https://tweednswgovau.sharepoint.com/sites/Traffic/Traffic Monitoring Reports/Site 593B,Tweed Heads West,RD.1032.20.A.1,Piggabeen Road,Tweed Heads West
Site 658A,TYALGUM ROAD at No 797,"-28.35253,153.289814",https://tweednswgovau.sharepoint.com/sites/Traffic/Traffic Monitoring Reports/Site 658A,Eungella,RD.1357.140.A.1,Tyalgum Road,Eungella
Site 750,NULLUM LANE behind Sikh Temple,"-28.329065,153.392511",https://tweednswgovau.sharepoint.com/sites/Traffic/Traffic Monitoring Reports/Site 750,Murwillumbah,RD.1891.30.A,Nullum Lane,Murwillumbah
Site 600,MAIN ROAD at No 36,"-28.199646, 153.565611",https://tweednswgovau.sharepoint.com/sites/Traffic/Traffic Monitoring Reports/Site 600,Fingal,RD.763.10.A,Main Road,Fingal Head
Site 610,ROUND MOUNTAIN ROAD at No 407,"-28.359897, 153.547805",https://tweednswgovau.sharepoint.com/sites/Traffic/Traffic Monitoring Reports/Site 610,Round Mountain,USR.1321.20.A,Towners Road,Round Mountain
Site 740,CHURCH LANE at No 23,"-28.325921,153.396611",https://tweednswgovau.sharepoint.com/sites/Traffic/Traffic Monitoring Reports/Site 740,Murwillumbah,RD.267.30.A,Church Lane,Murwillumbah
Site 710,M.R.541 TERRANORA ROAD at No 64,"-28.227032,153.54366",https://tweednswgovau.sharepoint.com/sites/Traffic/Traffic Monitoring Reports/Site 710,Banora Point,RD.1277.20.A.1,Terranora Road,Banora Point
Site 660,MOOBALL STREET west of QUEENSLAND ROAD,"-28.323446,153.394",https://tweednswgovau.sharepoint.com/sites/Traffic/Traffic Monitoring Reports/Site 660,Murwillumbah,RD.840.40.A,Mooball Street,Murwillumbah
Site 720,M.R.399 NUMINBAH ROAD at No 257,"-28.32248,153.368148",https://tweednswgovau.sharepoint.com/sites/Traffic/Traffic Monitoring Reports/Site 720,Kynnumboon,RD.889.60.A.1,Numinbah Road,Kynnumboon
Site 700,RECREATION STREET at No 38,"-28.178706,153.538342",https://tweednswgovau.sharepoint.com/sites/Traffic/Traffic Monitoring Reports/Site 700,Tweed Heads,RD.1097.10.A,Recreation Street,Tweed Heads
Site 730,ROSEWOOD AVENUE at No 14,"-28.330249,153.566638",https://tweednswgovau.sharepoint.com/sites/Traffic/Traffic Monitoring Reports/Site 730,Bogangar,RD.1140.30.A,Rosewood Avenue,Bogangar
Site 630,M.R.541 TERRANORA ROAD at No 663,"-28.240874, 153.497657",https://tweednswgovau.sharepoint.com/sites/Traffic/Traffic Monitoring Reports/Site 630,North Tumbulgum,RD.1277.130.A,Terranora Road,Terranora
Site 640,TUMBULGUM ROAD north of RACECOURSE ROAD,"-28.324124, 153.408876",https://tweednswgovau.sharepoint.com/sites/Traffic/Traffic Monitoring Reports/Site 640,Tygalgah,RD.1334.45.A,Tumbulgum Road,Tygalgah
Site 650,NULLUM STREET at No 21-27 SCHOOL CROSSING,"-28.328368, 153.393284",https://tweednswgovau.sharepoint.com/sites/Traffic/Traffic Monitoring Reports/Site 650,Murwillumbah,RD.888.20.A,Nullum Street,Murwillumbah
Site 670,EUNGA STREET at No 3,"-28.19721, 153.545435",https://tweednswgovau.sharepoint.com/sites/Traffic/Traffic Monitoring Reports/Site 670,Tweed Heads,RD.467.10.A,Eunga Street,Tweed Heads South
Site 690,M.R.679 Tweed Valley Way north of HOWARDS ROAD,"-28.41844, 153.455715",https://tweednswgovau.sharepoint.com/sites/Traffic/Traffic Monitoring Reports/Site 690,Burringbar,RD.2194.9080.A,Tweed Valley Way,Burringbar
Site 760,M.R.679 Tweed Valy Way at No 8752,"-28.272675, 153.469755",https://tweednswgovau.sharepoint.com/sites/Traffic/Traffic Monitoring Reports/Site 760,Tumbulgum,RD.2194.9335.A,Tweed Valley Way,Tumbulgum
Site 563-TN,M.R.399 NUMINBAH ROAD at No 2038-1996,"-28.273430,153.251941",https://tweednswgovau.sharepoint.com/sites/Traffic/Traffic Monitoring Reports/Site 563-TN,Numinbah,RD.889.310.A,Numinbah Road,Numinbah
Site 430-TN,"S.H.10 Pacific Mwy, Cudgen - north of Cudgen Road","-28.267420,153.525009",https://tweednswgovau.sharepoint.com/sites/Traffic/Traffic Monitoring Reports/Site 430-TN,Chinderah,RD.2194.9490.A,Tweed Valley Way,Chinderah
Site 305-TN,"M.R.450 Tweed Coast Rd, Cudgen - south of Cudgen Rd","-28.271160,153.560804",https://tweednswgovau.sharepoint.com/sites/Traffic/Traffic Monitoring Reports/Site 305-TN,Kings Forest,RD.2184.325.A,Tweed Coast Road,Cudgen
Site 64-TN,CASUARINA WAY north of Elliston St,"-28.271390,153.577050",https://tweednswgovau.sharepoint.com/sites/Traffic/Traffic Monitoring Reports/Site 64-TN,Salt,RD.233.110.A,Casuarina Way,Kingscliff
Site 299-TN,M.R.450 COAST ROAD at Pottsville Bowls,"-28.385350,153.566390",https://tweednswgovau.sharepoint.com/sites/Traffic/Traffic Monitoring Reports/Site 299-TN,Pottsville,RD.2184.130.A,Tweed Coast Road,Pottsville
Site 295-TN,S.H.10 Pacific Mwy north of Cudgera Creek Rd Cudgera Creek,"-28.384700,153.523500",https://tweednswgovau.sharepoint.com/sites/Traffic/Traffic Monitoring Reports/Site 295-TN,Cudgera Creek,RD.1102.10.A,Reserve Creek Road,Cudgera Creek
Site 757-TN,M.R.142 KYOGLE ROAD north of Smiths Creek Rd Uki,"-28.410800,153.338970",https://tweednswgovau.sharepoint.com/sites/Traffic/Traffic Monitoring Reports/Site 757-TN,Uki,RD.711.305.A,Kyogle Road,Uki
Site 341-TN,"M.R.679 Tweed Valley Way north of Minnows Rd, Fernvale","-28.377350,153.418120",https://tweednswgovau.sharepoint.com/sites/Traffic/Traffic Monitoring Reports/Site 341-TN,Dunbible,RD.2194.9150.A,Tweed Valley Way,Fernvale
Site 329-TN,"M.R.679 Tweed Valley Way north of Wooyung Rd, Mooball","-28.446540,153.500500",https://tweednswgovau.sharepoint.com/sites/Traffic/Traffic Monitoring Reports/Site 329-TN,Mooball,RD.2194.9020.A,Tweed Valley Way,Mooball
Site 536-TN,"M.R.450 Tweed Coast Road north of Wooyung Rd, Wooyung","-28.450140,153.554210",https://tweednswgovau.sharepoint.com/sites/Traffic/Traffic Monitoring Reports/Site 536-TN,Wooyung,RD.2184.30.A,Tweed Coast Road,Wooyung
Site 283-TN,"M.R.143 Tomewin Road south of border, Tomewin","-28.260610,153.370140",https://tweednswgovau.sharepoint.com/sites/Traffic/Traffic Monitoring Reports/Site 283-TN,Tomewin,RD.1314.160.A,Tomewin Road,Tomewin
Site 598B-TN,M.R.679 Tweed Valley Way south of Clothiers Creek Road Condong,"-28.313247,153.436113",https://tweednswgovau.sharepoint.com/sites/Traffic/Traffic Monitoring Reports/Site 598B-TN,Condong,RD.2194.9290.A,Tweed Valley Way,Condong
Site 428-TN,Gold Coast Hwy north of Boyd St Bilinga,"-28.149554,153.500225",https://tweednswgovau.sharepoint.com/sites/Traffic/Traffic Monitoring Reports/Site 428-TN,Tugun,RD.931.20.A.1,Ourimbah Road,Tweed Heads
Site 340-TN,Minjungbal Dr at Terranora Creek Tweed Heads South,"-28.185687,153.538605",https://tweednswgovau.sharepoint.com/sites/Traffic/Traffic Monitoring Reports/Site 340-TN,Tweed Heads,RD.827.120.C,Minjungbal Drive,Tweed Heads South
Site 218-TN,"Kennedy Dr, Tweed Heads - east of M1","-28.186091,153.525894",https://tweednswgovau.sharepoint.com/sites/Traffic/Traffic Monitoring Reports/Site 218-TN,Tweed Heads,RD.675.60.C,Kennedy Drive,Tweed Heads
Site 541-TN,"Kennedy Drive, Tweed Heads - east of Terranora Inlet Drive (at Boat Ramp)","-28.18645,153.53157",https://tweednswgovau.sharepoint.com/sites/Traffic/Traffic Monitoring Reports/Site 541-TN,Tweed Heads,RD.675.20.A,Kennedy Drive,Tweed Heads
Site 736A-TN,"Terranora Rd, Bungalora","-28.254572,153.474461",https://tweednswgovau.sharepoint.com/sites/Traffic/Traffic Monitoring Reports/Site 736A-TN,Bungalora,RD.1277.220.A,Terranora Road,Bungalora
Site 606-TN,"Tweed Valley Way, north of Cudgen Rd, Chinderah","-28.26647,153.51124",https://tweednswgovau.sharepoint.com/sites/Traffic/Traffic Monitoring Reports/Site 606-TN,Stotts Creek,RD.2194.9420.A,Tweed Valley Way,Chinderah
Site 59-TN,Cane Road at Cane Road Bridge,"-28.31392,153.42996",https://tweednswgovau.sharepoint.com/sites/Traffic/Traffic Monitoring Reports/Site 59-TN,Tygalgah,RD.211.20.A,Cane Road,Tygalgah
Site 279-TN,Wollumbin Street at Wollumbin Street Bridge,"-28.32876,153.40115",https://tweednswgovau.sharepoint.com/sites/Traffic/Traffic Monitoring Reports/Site 279-TN,South Murwillumbah,RD.15.10.A,Alma Street,South Murwillumbah
Site 537-TN,"Tweed Valley Way, south of Smith Street","-28.33864,153.40095",https://tweednswgovau.sharepoint.com/sites/Traffic/Traffic Monitoring Reports/Site 537-TN,South Murwillumbah,RD.2194.9205.A,Tweed Valley Way,South Murwillumbah
Site 275-TN,"Kyogle Road, north of Tree Street","-28.33528,153.3811",https://tweednswgovau.sharepoint.com/sites/Traffic/Traffic Monitoring Reports/Site 275-TN,Murwillumbah,RD.711.490.A,Kyogle Road,Murwillumbah
Site 704-EX,Gollan Drive just west of Piggabeen Road,"-28.191194,153.507889",https://tweednswgovau.sharepoint.com/sites/Traffic/Traffic Monitoring Reports/Site 704-EX,Tweed Heads West,RD.547.30.A,Gollan Drive,Tweed Heads West
Site 222-EX,Kennedy Drive just east of Cobaki Inlet Bridge,"-28.189250,153.509722",https://tweednswgovau.sharepoint.com/sites/Traffic/Traffic Monitoring Reports/Site 222-EX,Tweed Heads West,RD.675.110.A,Kennedy Drive,Tweed Heads West
Site 49-TN,Byangum Road south of Tree Street,"-28.333570,153.371500",https://tweednswgovau.sharepoint.com/sites/Traffic/Traffic Monitoring Reports/Site 49-TN,Murwillumbah,RD.883.10.A,North Arm Road,Murwillumbah
Site 621-TN,Dry Dock Road at M1,"-28.192860,153.528540",https://tweednswgovau.sharepoint.com/sites/Traffic/Traffic Monitoring Reports/Site 621-TN,Tweed Heads South,RD.418.50.A.2,Dry Dock Road,Tweed Heads South
Site 562-TN,Kirkwood Road east of M1,"-28.196730,153.531900",https://tweednswgovau.sharepoint.com/sites/Traffic/Traffic Monitoring Reports/Site 562-TN,Tweed Heads South,RD.701.35.A,Kirkwood Road,Tweed Heads South
Site 179-TN,Greenway Drive at M1,"-28.20301,153.53601",https://tweednswgovau.sharepoint.com/sites/Traffic/Traffic Monitoring Reports/Site 179-TN,Tweed Heads South,RD.558.10.A,Greenway Drive,Tweed Heads South
Site 544-TN,Minjungbal Drive south of Shallow Bay Drive,"-28.206320,153.544790",https://tweednswgovau.sharepoint.com/sites/Traffic/Traffic Monitoring Reports/Site 544-TN,Tweed Heads South,RD.827.135.C,Minjungbal Drive,Tweed Heads South
Site 118-TN,Darlington Drive west of Sexton Hill Drive,"-28.21184,153.54354",https://tweednswgovau.sharepoint.com/sites/Traffic/Traffic Monitoring Reports/Site 118-TN,Banora Point,RD.388.15.C,Darlington Drive,Banora Point
Site 233-TN,Laura Street at M1,"-28.21547,153.54715",https://tweednswgovau.sharepoint.com/sites/Traffic/Traffic Monitoring Reports/Site 233-TN,Banora Point,RD.730.10.A.1,Laura Street,Banora Point
Site 315-TN,M.R.541 Terranora Road west of Sexton Hill Drive,"-28.22178,153.54632",https://tweednswgovau.sharepoint.com/sites/Traffic/Traffic Monitoring Reports/Site 315-TN,Banora Point,RD.1277.15.A,Terranora Road,Banora Point
Site 164-TN,Fingal Road east of M1,"-28.22418,153.55781",https://tweednswgovau.sharepoint.com/sites/Traffic/Traffic Monitoring Reports/Site 164-TN,Fingal Head,RD.493.10.A.1,Fingal Road,Fingal Head
Site 789-TN,M.R.450 Coast Road north of Moreton Street,"-28.24632,153.554",https://tweednswgovau.sharepoint.com/sites/Traffic/Traffic Monitoring Reports/Site 789-TN,Chinderah,RD.2184.380.A.1,Tweed Coast Road,Chinderah
Site 108-TN,Cudgen Road at M1,"-28.28024,153.52119",https://tweednswgovau.sharepoint.com/sites/Traffic/Traffic Monitoring Reports/Site 108-TN,Stotts Creek,RD.365.140.A,Cudgen Road,Stotts Creek
Site 778-TN,M.R.679 Tweed Valley Way north of Bartlets Road,"-28.293534,153.459911",https://tweednswgovau.sharepoint.com/sites/Traffic/Traffic Monitoring Reports/Site 778-TN,Tumbulgum,RD.2194.9315.A,Tweed Valley Way,Tumbulgum
Site 155-TN,Eviron Road at M1,"-28.30962,153.51568",https://tweednswgovau.sharepoint.com/sites/Traffic/Traffic Monitoring Reports/Site 155-TN,Duranbah,RD.474.20.A,Eviron Road,Duranbah
Site 88-TN,Clothiers Creek Road east of M1,"-28.33194,153.52305",https://tweednswgovau.sharepoint.com/sites/Traffic/Traffic Monitoring Reports/Site 88-TN,Tanglewood,RD.279.50.A,Clothiers Creek Road,Tanglewood
Site 421B-TN,Round Mountain Road at M1,"-28.34887,153.52486",https://tweednswgovau.sharepoint.com/sites/Traffic/Traffic Monitoring Reports/Site 421B-TN,Round Mountain,RD.1145.80.A,Round Mountain Road,Round Mountain
Site 659-TN,Pottsville Road at M1,"-28.42826,153.51968",https://tweednswgovau.sharepoint.com/sites/Traffic/Traffic Monitoring Reports/Site 659-TN,Sleepy Hollow,RD.1058.85.A,Pottsville Road,Sleepy Hollow
Site 515-TN,Wooyung Road at M1,"-28.46217,153.50617",https://tweednswgovau.sharepoint.com/sites/Traffic/Traffic Monitoring Reports/Site 515-TN,Wooyung,RD.1443.10.A,Wooyung Road,Crabbes Creek
Site 642-TN,M.R.399 Numinbah Road 3.6 km west of Harrys Road,"-28.30856,153.30494",https://tweednswgovau.sharepoint.com/sites/Traffic/Traffic Monitoring Reports/Site 642-TN,Crystal Creek,RD.889.190.A,Numinbah Road,Crystal Creek
Site 756-TN,Tyalgum Road west of Sharps Road,"-28.35029,153.33645",https://tweednswgovau.sharepoint.com/sites/Traffic/Traffic Monitoring Reports/Site 756-TN,Eungella,RD.1357.80.A,Tyalgum Road,Eungella
Site 755-TN,M.R.541 Terranora Road east of McAuleys Road,"-28.241627,153.511601",https://tweednswgovau.sharepoint.com/sites/Traffic/Traffic Monitoring Reports/Site 755-TN,Terranora,RD.1277.100.A,Terranora Road,Terranora
Site 10-TN,Kingscliff Street North of Beach Street,"-28.24943,153.56984",https://tweednswgovau.sharepoint.com/sites/Traffic/Traffic Monitoring Reports/Site 10-TN,KIngscliff,RD.694.40.A,Kingscliff Street,Kingscliff
Site 101-TN,Tweed Valley Way at Byron Shire Border,"-28.46737,153.50555",https://tweednswgovau.sharepoint.com/sites/Traffic/Traffic Monitoring Reports/Site 101-TN,Crabbes Creek,RD.2194.9000.A,Tweed Valley Way,Crabbes Creek
Site 680-TN,M.R.450 Coast Road south of Cudgen Jetty Trail,"-28.3217,153.56822",https://tweednswgovau.sharepoint.com/sites/Traffic/Traffic Monitoring Reports/Site 680-TN,Bogangar,RD.2184.255.A,Tweed Coast Road,Cabarita Beach
Site 515-M-TN,Pacific Motorway Wooyung at Border,"-28.465270,153.506399",https://tweednswgovau.sharepoint.com/sites/Traffic/Traffic Monitoring Reports/Site 515-M-TN,Wooyung,RD.2194.9000.A,Tweed Valley Way,Crabbes Creek
Site 385-EX,Piggabeen Road north of Gollan Drive,"-28.190417,153.507639",https://tweednswgovau.sharepoint.com/sites/Traffic/Traffic Monitoring Reports/Site 385-EX,Tweed Heads West,RD.1032.15.A,Piggabeen Road,Tweed Heads West
Site 790,Letitia Road at the end of the bitumen seal,"-28.188886,153.557944",https://tweednswgovau.sharepoint.com/sites/Traffic/Traffic Monitoring Reports/Site 790,Fingal Head,USR.735.30.A,Letitia Road,Fingal Head
Site 791,Wade Street at No 14,"-28.330327, 153.385092",https://tweednswgovau.sharepoint.com/sites/Traffic/Traffic Monitoring Reports/Site 791,Murwillumbah,RD.1385.20.A,Wade Street,Murwillumbah
Site 792,William Street Tweed Heads South at No 1 (50Kph),"-28.190948 ,153.540332",https://tweednswgovau.sharepoint.com/sites/Traffic/Traffic Monitoring Reports/Site 792,Tweed Heads South,RD.1427.10.A,William Street,Tweed Heads South
Site 793,Ocean Avenue Tweed Heads South at No 3. (50 Kph),"-28.204232 ,153.517690",https://tweednswgovau.sharepoint.com/sites/Traffic/Traffic Monitoring Reports/Site 793,Tweed Heads South,RD.904.10.A,Ocean Avenue,Tweed Heads South
Site 794,Razorback Road at No 2,"-28.177266,153.535050",https://tweednswgovau.sharepoint.com/sites/Traffic/Traffic Monitoring Reports/Site 794,Tweed Heads,RD.1093.10.A,Razorback Road,Tweed Heads
Site 206A,Hunter Street at No 1,"-28.438739, 153.476622",https://tweednswgovau.sharepoint.com/sites/Traffic/Traffic Monitoring Reports/Site 206A,Burringbar,RD.622.10.A,Hunter Street,Burringbar
Site 795,Bonnydoon Road at No 22 Uki,"-28.397858,153.340827",https://tweednswgovau.sharepoint.com/sites/Traffic/Traffic Monitoring Reports/Site 795,Uki,RD.133.10.A,Bonnydoon Road,Uki
Site 796,Castle Field Drive at No 1,"-28.335130, 153.362230",https://tweednswgovau.sharepoint.com/sites/Traffic/Traffic Monitoring Reports/Site 796,Murwillumbah,RD.230.10.A,Castle Field Drive,Murwillumbah
Site 797,Yugari Drive off Tweed Coast Road,"-28.361446, 153.576311",https://tweednswgovau.sharepoint.com/sites/Traffic/Traffic Monitoring Reports/Site 797,Hastings Point,RD.2174.10.A,Yugari Drive,Hastings Point
Site 798,Cudgen Road east of John Robb Way,"-28.265116, 153.561034",https://tweednswgovau.sharepoint.com/sites/Traffic/Traffic Monitoring Reports/Site 798,,RD.365.50.A,Cudgen Road,Cudgen
Site 799,Bakers Road at No 114 (50Kph),"-28.351646, 153.388197",https://tweednswgovau.sharepoint.com/sites/Traffic/Traffic Monitoring Reports/Site 799,,RD.57.10.A,Bakers Road,Dunbible
Site 43C,Broadway at No 23 (50Kph),"-28.434360, 153.470945",https://tweednswgovau.sharepoint.com/sites/Traffic/Traffic Monitoring Reports/Site 43C,,RD.173.10.A,Broadway,Burringbar
Site 800,Byangum Road at No 107 (50Kph),"-28.330912, 153.384125",https://tweednswgovau.sharepoint.com/sites/Traffic/Traffic Monitoring Reports/Site 800,,RD.196.90.A.1,Byangum Road,Murwillumbah
Site 801,Byangum Road at No 79 (50Kph),"-28.330072, 153.386363",https://tweednswgovau.sharepoint.com/sites/Traffic/Traffic Monitoring Reports/Site 801,,RD.196.60.A,Byangum Road,Murwillumbah
Site 802,Florence Street at No 37 (50Kph),"-28.176138, 153.545327",https://tweednswgovau.sharepoint.com/sites/Traffic/Traffic Monitoring Reports/Site 802,,RD.506.10.A,Florence Street,Tweed Heads
Site 803,Fraser Dr - 100m Nth of Vintage Lakes Drive (60Kph),"-28.209012, 153.523439",https://tweednswgovau.sharepoint.com/sites/Traffic/Traffic Monitoring Reports/Site 803,,RD.518.80.A.1,Fraser Drive,Tweed Heads South
Site 804,Lundberg Drive at No 2 (50Kph),"-28.336494, 153.420061",https://tweednswgovau.sharepoint.com/sites/Traffic/Traffic Monitoring Reports/Site 804,,RD.756.50.A,Lundberg Drive,South Murwillumbah
Site 541A,Kennedy Drive west of Norman Street,"-28.186779,153.530555",https://tweednswgovau.sharepoint.com/sites/Traffic/Traffic Monitoring Reports/Site 541A,Tweed Heads,RD.675.30.A,Kennedy Drive,Tweed Heads
Site 805,Altona Road off Crescent Street,"-28.258581,153.557030",https://tweednswgovau.sharepoint.com/sites/Traffic/Traffic Monitoring Reports/Site 805,Cudgen,RD.359.30.A.1,Crescent Street,Cudgen
Site 806,Convent Gardens Way at No 57,"-28.216701607350846, 153.52415782698358",https://tweednswgovau.sharepoint.com/sites/Traffic/Traffic Monitoring Reports/Site 806,Banora Point,RD.351.30.A,Covent Gardens Way,Banora Point
Site 807,"Queensland Rd, South of Mooball St","-28.323419, 153.394443",https://tweednswgovau.sharepoint.com/sites/Traffic/Traffic Monitoring Reports/Site 807,,RD.1076.25.A,Queensland Road,Murwillumbah
Site 808,Clothiers Creek Road east of Tweed Valley Way (80Kph),"-28.311875, 153.436920",https://tweednswgovau.sharepoint.com/sites/Traffic/Traffic Monitoring Reports/Site 808,Condong,RD.279.240.A,Clothiers Creek Road,Condong
Site 809,Clothiers Creek Road west of Tweed Valley Way (60Kph),"-28.311657, 153.435419",https://tweednswgovau.sharepoint.com/sites/Traffic/Traffic Monitoring Reports/Site 809,Condong,RD.279.250.A.1,Clothiers Creek Road,Condong
Site 810,Banora Hills Drive at No 14 (50Kph),"-28.226251, 153.540770",https://tweednswgovau.sharepoint.com/sites/Traffic/Traffic Monitoring Reports/Site 810,Banora Point,RD.76.30.A,Banora Hills Drive,Banora Point
Site 811,Banora Hills Drive at No 1 (50Kph),"-28.225695, 153.542723",https://tweednswgovau.sharepoint.com/sites/Traffic/Traffic Monitoring Reports/Site 811,Banora Point,RD.76.20.A,Banora Hills Drive,Banora Point
Site 812,Bilambil Road east of Beltana Drive (80Kph),"-28.235421, 153.484212",https://tweednswgovau.sharepoint.com/sites/Traffic/Traffic Monitoring Reports/Site 812,Bilambil,RD.110.30.A,Bilambil Road,Terranora
Site 813,Port Drive at No 10 (50Kph),"-28.211523, 153.517737",https://tweednswgovau.sharepoint.com/sites/Traffic/Traffic Monitoring Reports/Site 813,Tweed Heads South,RD.1055.10.A,Port Drive,Tweed Heads South
Site 814,Casuarina Way North of Pavilion Way (50Kph),"-28.299801, 153.571509",https://tweednswgovau.sharepoint.com/sites/Traffic/Traffic Monitoring Reports/Site 814,Casuarina,RD.233.52.A,Casuarina Way,Casuarina
Site 815,Clothiers Creek Road west of Yandala Place (80Kph),"-28.330476, 153.489964",https://tweednswgovau.sharepoint.com/sites/Traffic/Traffic Monitoring Reports/Site 815,Clothiers Creek,RD.279.90.A,Clothiers Creek Road,Clothiers Creek
Site 816,Lundberg Dr at No 92 rear driveway (50Kph),"-28.335020, 153.421016",https://tweednswgovau.sharepoint.com/sites/Traffic/Traffic Monitoring Reports/Site 816,,RD.756.50.A,Lundberg Drive,South Murwillumbah
Site 817,Mooball Street West of Rous St (50Kph),"-28.323028, 153.394629",https://tweednswgovau.sharepoint.com/sites/Traffic/Traffic Monitoring Reports/Site 817,Murwillumbah,RD.840.30.A,Mooball Street,Murwillumbah
Site 821,31 Manns Road,"-28.45597,153.351196",https://tweednswgovau.sharepoint.com/sites/Traffic/Traffic Monitoring Reports/Site 821,Rowlands Creek,,,
Site 822,Plantation Road at No 31,"-28.275748,153.560519",https://tweednswgovau.sharepoint.com/sites/Traffic/Traffic Monitoring Reports/Site 822,Cudgen,,,
Site 818,M.R. 142 Kyogle Road west of Boulder Close,"-28.367563,153.350419",https://tweednswgovau.sharepoint.com/sites/Traffic/Traffic Monitoring Reports/Site 818,Byangum,,,
Site 820,M.R. 140 Kyogle Road at Shire Boundary,"-28.518682,153.159203",https://tweednswgovau.sharepoint.com/sites/Traffic/Traffic Monitoring Reports/Site 820,Mount Burrell,,,
Site 819,M.R. 142 Kyogle Road west of Clarrie Hall Dam Road,"-28.429004,153.314747",https://tweednswgovau.sharepoint.com/sites/Traffic/Traffic Monitoring Reports/Site 819,Uki,,,
Site 823,Plantation Road at No 170,"-28.273643,153.549170",https://tweednswgovau.sharepoint.com/sites/Traffic/Traffic Monitoring Reports/Site 823,Cudgen,,,
